question_id,poll_id,pollster,start_date,end_date,Year,State abbreviation,sample_size,Democratic,Republican,Spread D-R
92080,57026,Public Policy Polling,2018-11-27,2018-11-28,2020,OH,648,48.0,44.0,0.04
92597,57275,Public Policy Polling,2019-01-04,2019-01-07,2020,NC,750,49.0,44.0,0.05
92926,57427,Glengariff Group,2019-01-24,2019-01-26,2020,MI,600,53.3,40.3,0.13
92974,57445,Emerson College,2019-01-30,2019-02-02,2020,IA,831,50.6,49.4,0.012000000000000028
93161,57528,Public Policy Polling,2019-02-13,2019-02-14,2020,TX,743,46.0,49.0,-0.03
93202,57543,Harper Polling,2019-02-11,2019-02-13,2020,NC,500,39.0,43.0,-0.04
93241,57556,OH Predictive Insights,2019-02-12,2019-02-13,2020,AZ,600,46.0,46.0,0.0
93281,57574,Emerson College,2019-02-21,2019-02-22,2020,NH,910,54.8,45.2,0.09599999999999995
93369,57601,Quinnipiac University,2019-02-20,2019-02-25,2020,TX,1222,46.0,47.0,-0.01
93401,57612,Emerson College,2019-02-28,2019-03-02,2020,SC,755,48.1,51.9,-0.03799999999999997
93506,57656,Emerson College,2019-03-07,2019-03-10,2020,MI,743,53.7,46.3,0.07400000000000005
93612,57697,Emerson College,2019-03-15,2019-03-17,2020,WI,775,54.3,45.7,0.08599999999999994
93750,57742,Emerson College,2019-03-21,2019-03-24,2020,IA,707,52.8,47.2,0.055999999999999946
93780,57752,Optimus,2019-03-19,2019-03-21,2020,WI,616,53.0,40.0,0.13
93783,57753,Optimus,2019-03-19,2019-03-21,2020,MI,530,45.0,46.0,-0.01
93786,57754,Optimus,2019-03-19,2019-03-21,2020,PA,632,50.0,43.0,0.07
93867,57788,Emerson College,2019-03-26,2019-03-28,2020,PA,808,54.8,45.2,0.09599999999999995
93893,57799,Emerson College,2019-03-28,2019-03-30,2020,NV,719,51.7,48.3,0.03400000000000006
93989,57834,Emerson College,2019-04-04,2019-04-07,2020,MA,761,68.8,31.2,0.37599999999999995
94220,57947,Zogby Interactive/JZ Analytics,2019-04-15,2019-04-18,2020,WI,802,50.0,40.0,0.1
94251,57962,Emerson College,2019-04-25,2019-04-28,2020,TX,799,50.5,49.5,0.01
94372,58013,OH Predictive Insights,2019-05-01,2019-05-02,2020,AZ,600,49.0,44.0,0.05
94427,58044,WPA Intelligence (WPAi),2019-04-27,2019-04-30,2020,FL,200,44.0,48.0,-0.04
94428,58045,WPA Intelligence (WPAi),2019-04-27,2019-04-30,2020,IA,200,44.0,49.0,-0.05
94429,58046,WPA Intelligence (WPAi),2019-04-27,2019-04-30,2020,TX,200,42.0,49.0,-0.07
94430,58047,WPA Intelligence (WPAi),2019-04-27,2019-04-30,2020,WI,200,42.0,46.0,-0.04
94431,58048,WPA Intelligence (WPAi),2019-04-27,2019-04-30,2020,MI,200,45.0,42.0,0.03
94432,58049,WPA Intelligence (WPAi),2019-04-27,2019-04-30,2020,PA,200,46.0,45.0,0.01
94491,58082,Quinnipiac University,2019-05-09,2019-05-14,2020,PA,978,53.0,42.0,0.11
94559,58117,Florida Atlantic University,2019-05-16,2019-05-19,2020,FL,1007,49.8,50.2,-0.0040000000000000565
94742,58187,Emerson College,2019-05-31,2019-06-03,2020,NC,932,55.7,44.3,0.11400000000000006
94748,58192,Glengariff Group,2019-05-28,2019-05-30,2020,MI,600,45.2,38.5,0.06700000000000003
94777,58198,Quinnipiac University,2019-05-29,2019-06-04,2020,TX,1159,48.0,44.0,0.04
97600,58390,Spry Strategies,2019-05-25,2019-06-01,2020,NC,730,41.0,52.0,-0.11
97907,58452,EPIC-MRA,2019-06-08,2019-06-12,2020,MI,600,52.0,41.0,0.11
98032,58473,Gravis Marketing,2019-06-11,2019-06-12,2020,KY,741,37.0,57.0,-0.2
98049,58482,Optimus,2019-06-11,2019-06-13,2020,WI,535,46.0,40.0,0.06
98053,58483,Optimus,2019-06-11,2019-06-13,2020,MI,587,46.0,43.0,0.03
98057,58484,Optimus,2019-06-11,2019-06-13,2020,PA,565,43.0,42.0,0.01
98067,58488,Quinnipiac University,2019-06-12,2019-06-17,2020,FL,1279,50.0,41.0,0.09
98095,58500,St. Pete Polls,2019-06-15,2019-06-16,2020,FL,3095,47.3,46.8,0.005
98185,58512,Public Policy Polling,2019-06-17,2019-06-18,2020,NC,610,49.0,46.0,0.03
98599,58565,Gravis Marketing,2019-06-24,2019-06-24,2020,ME,767,54.0,46.0,0.08
98742,58465,Change Research,2019-06-11,2019-06-14,2020,SC,2312,38.0,54.0,-0.16
99734,58733,Quinnipiac University,2019-07-17,2019-07-22,2020,OH,1431,50.0,42.0,0.08
99803,58748,Climate Nexus,2019-07-14,2019-07-17,2020,MI,820,49.0,36.0,0.13
99863,58764,University of Texas at Tyler,2019-07-24,2019-07-27,2020,TX,1414,36.9,37.1,-0.0020000000000000282
100072,58788,DFM Research,2019-05-14,2019-05-18,2020,ND,400,39.0,54.0,-0.15
100179,58821,Emerson College,2019-08-01,2019-08-03,2020,TX,1033,50.8,49.2,0.015999999999999945
100189,58823,University of Texas at Tyler,2019-08-01,2019-08-04,2020,TX,1261,41.2,37.2,0.04
100344,58836,SurveyUSA,2019-08-01,2019-08-05,2020,CA,2184,61.0,27.0,0.34
100352,58840,SurveyUSA,2019-08-01,2019-08-05,2020,NC,2113,49.0,41.0,0.08
100375,58845,1892 Polling,2019-07-15,2019-07-17,2020,ND,500,34.0,60.0,-0.26
100463,58891,Gravis Marketing,2019-08-02,2019-08-06,2020,NH,505,53.0,40.0,0.13
100479,58900,Harper Polling,2019-08-01,2019-08-04,2020,NC,500,44.0,45.0,-0.01
100685,58837,Zogby Interactive/JZ Analytics,2019-07-22,2019-08-01,2020,WA,1265,51.9,30.7,0.212
100690,58918,Zogby Interactive/JZ Analytics,2019-07-22,2019-08-09,2020,AK,321,40.0,45.0,-0.05
100762,58933,Gravis Marketing,2019-08-14,2019-08-16,2020,NV,926,49.0,43.0,0.06
100766,58930,Emerson College,2019-08-16,2019-08-19,2020,CO,1000,54.9,45.1,0.09799999999999998
101005,58960,OH Predictive Insights,2019-08-13,2019-08-14,2020,AZ,600,45.0,43.0,0.02
101771,59437,Remington Research Group,2019-04-10,2019-04-11,2020,MO,955,43.0,51.0,-0.08
101842,59450,EPIC-MRA,2019-08-17,2019-08-21,2020,MI,600,51.0,41.0,0.1
102062,59465,Y2 Analytics,2019-07-31,2019-08-06,2020,UT,149,35.0,36.0,-0.01
102332,59522,Emerson College,2019-09-06,2019-09-09,2020,NH,1041,54.6,45.4,0.09200000000000003
102339,59523,Univision/University of Houston/Latino Decisions/North Star Opinion Research,2019-08-31,2019-09-06,2020,TX,1004,47.0,43.0,0.04
102447,59537,Climate Nexus,2019-08-20,2019-08-25,2020,TX,1660,43.0,43.0,0.0
102619,59556,Optimus,2019-09-07,2019-09-09,2020,WI,534,44.0,42.0,0.02
102622,59557,Optimus,2019-09-07,2019-09-09,2020,MI,529,42.0,41.0,0.01
102625,59558,Optimus,2019-09-07,2019-09-09,2020,PA,527,45.0,41.0,0.04
102769,59584,"Fabrizio, Lee & Associates",2019-07-29,2019-07-31,2020,AZ,600,50.0,45.0,0.05
102770,59585,"Fabrizio, Lee & Associates",2019-07-29,2019-07-31,2020,CO,600,51.0,42.0,0.09
102771,59586,"Fabrizio, Lee & Associates",2019-07-29,2019-07-31,2020,KY,600,41.0,53.0,-0.12
102772,59573,"Fabrizio, Lee & Associates",2019-07-29,2019-07-31,2020,ME,600,50.0,44.0,0.06
102773,59587,"Fabrizio, Lee & Associates",2019-07-29,2019-07-31,2020,NC,600,49.0,45.0,0.04
102783,59591,Emerson College,2019-09-13,2019-09-16,2020,CA,830,63.8,36.2,0.27599999999999997
102802,59598,Bendixen & Amandi International,2019-09-09,2019-09-12,2020,AZ,520,42.0,43.0,-0.01
102920,59604,Florida Atlantic University,2019-09-12,2019-09-15,2020,FL,934,49.5,50.5,-0.01
102960,59596,SurveyUSA,2019-09-13,2019-09-15,2020,CA,1785,57.0,31.0,0.26
102981,59616,University of Texas at Tyler,2019-09-13,2019-09-15,2020,TX,1199,39.6,38.0,0.016000000000000014
103035,59627,Remington Research Group,2019-09-18,2019-09-19,2020,MO,1046,42.0,53.0,-0.11
103412,59725,Research America Inc.,2019-09-03,2019-09-15,2020,VA,882,55.0,38.0,0.17
103505,59737,Target Insyght,2019-09-24,2019-09-26,2020,MI,804,54.0,35.0,0.19
103787,59820,Emerson College,2019-09-29,2019-10-02,2020,OH,837,52.6,47.4,0.052000000000000025
103850,59858,Fox News/Beacon Research/Shaw & Co. Research,2019-09-29,2019-10-02,2020,WI,1512,48.0,39.0,0.09
103940,59896,University of Montana,2019-09-26,2019-10-03,2020,MT,303,46.5,53.5,-0.07
104066,59917,Public Policy Polling,2019-10-04,2019-10-06,2020,NC,963,51.0,46.0,0.05
104107,59934,Sacred Heart University,2019-09-17,2019-10-02,2020,CT,1000,52.2,33.3,0.18900000000000006
104328,60059,Meredith College,2019-09-29,2019-10-07,2020,NC,998,34.6,38.4,-0.03799999999999997
104336,60060,Public Policy Polling,2019-10-10,2019-10-11,2020,OH,776,48.0,46.0,0.02
104343,60063,East Carolina University,2019-10-02,2019-10-09,2020,NC,1076,49.7,46.4,0.03300000000000004
104362,60067,Climate Nexus,2019-10-01,2019-10-07,2020,OH,1112,53.0,47.0,0.06
104473,60089,Public Policy Polling,2019-10-11,2019-10-13,2020,ME,939,54.0,42.0,0.12
104498,60087,Virginia Commonwealth University,2019-09-23,2019-10-04,2020,VA,645,51.0,46.0,0.05
104649,60106,Emerson College,2019-10-13,2019-10-16,2020,IA,888,49.4,50.6,-0.012000000000000028
109321,61983,Mason-Dixon Polling & Strategy,2019-10-14,2019-10-16,2020,MN,800,50.0,38.0,0.12
111116,62230,University of North Florida,2019-10-14,2019-10-20,2020,FL,644,48.0,43.0,0.05
111154,62228,SurveyUSA,2019-10-15,2019-10-16,2020,CA,1242,59.0,32.0,0.27
112410,62508,Emerson College,2019-10-25,2019-10-28,2020,AZ,901,50.0,50.0,0.0
112544,62525,Public Policy Polling,2019-10-22,2019-10-23,2020,WA,900,59.0,37.0,0.22
112593,62538,Emerson College,2019-10-31,2019-11-03,2020,MI,1051,55.8,44.2,0.11599999999999994
112596,62539,Emerson College,2019-10-31,2019-11-02,2020,NV,1089,49.3,50.7,-0.014000000000000058
112604,62541,YouGov,2019-10-18,2019-10-27,2020,TX,1200,39.0,46.0,-0.07
112634,62548,Siena College/The New York Times Upshot,2019-10-13,2019-10-23,2020,AZ,652,48.51,46.16,0.023500000000000014
112640,62549,Siena College/The New York Times Upshot,2019-10-13,2019-10-26,2020,FL,650,46.01,44.48,0.015300000000000012
112643,62530,Siena College/The New York Times Upshot,2019-10-25,2019-10-30,2020,IA,1435,44.24,45.45,-0.012100000000000008
112650,62550,Siena College/The New York Times Upshot,2019-10-13,2019-10-25,2020,MI,501,45.39,44.07,0.013200000000000003
112656,62551,Siena College/The New York Times Upshot,2019-10-13,2019-10-26,2020,NC,651,45.88,47.86,-0.01979999999999997
112662,62552,Siena College/The New York Times Upshot,2019-10-13,2019-10-25,2020,PA,661,46.06,44.85,0.012100000000000008
112668,62553,Siena College/The New York Times Upshot,2019-10-13,2019-10-26,2020,WI,651,46.15,44.33,0.018200000000000004
112922,62608,University of Georgia,2019-10-30,2019-11-08,2020,GA,1028,51.1,42.5,0.08600000000000002
113017,62616,Zogby Interactive/JZ Analytics,2019-10-28,2019-10-30,2020,GA,550,46.0,44.0,0.02
113027,62621,Muhlenberg College,2019-11-04,2019-11-09,2020,PA,410,52.0,43.0,0.09
113060,62628,Fox News/Beacon Research/Shaw & Co. Research,2019-11-10,2019-11-13,2020,NC,1504,45.0,43.0,0.02
113064,62629,Fox News/Beacon Research/Shaw & Co. Research,2019-11-10,2019-11-13,2020,NV,1506,47.0,40.0,0.07
113152,62645,University of Texas at Tyler,2019-11-05,2019-11-14,2020,TX,1093,39.4,44.5,-0.05100000000000002
113216,62662,Climate Nexus,2019-11-04,2019-11-10,2020,GA,688,48.0,47.0,0.01
113225,62666,Saint Anselm College,2019-11-13,2019-11-18,2020,NH,512,51.0,43.0,0.08
113251,62668,SurveyUSA,2019-11-15,2019-11-18,2020,GA,1303,47.0,43.0,0.04
113997,62978,Emerson College,2019-11-22,2019-11-26,2020,NH,637,45.9,41.6,0.04299999999999997
114103,62980,SurveyUSA,2019-11-20,2019-11-22,2020,CA,2039,59.0,32.0,0.27
114139,62992,Beacon Research,2019-11-09,2019-11-21,2020,TX,1000,44.0,45.0,-0.01
114290,63024,OH Predictive Insights,2019-12-03,2019-12-04,2020,AZ,628,44.0,46.0,-0.02
114314,63026,Optimus,2019-12-03,2019-12-05,2020,WI,610,39.08,48.24,-0.09160000000000004
114319,63027,Optimus,2019-12-03,2019-12-05,2020,MI,551,40.87,46.28,-0.05410000000000004
114324,63028,Optimus,2019-12-03,2019-12-05,2020,PA,598,41.24,45.48,-0.04239999999999995
114542,63060,Emerson College,2019-12-07,2019-12-10,2020,IA,1043,45.0,49.0,-0.04
114819,63083,SSRS,2019-12-04,2019-12-08,2020,CA,1011,56.0,36.0,0.2
114823,63084,SSRS,2019-12-04,2019-12-09,2020,TX,1003,47.0,48.0,-0.01
115098,63160,Virginia Commonwealth University,2019-12-02,2019-12-13,2020,VA,728,49.0,46.0,0.03
115288,63202,Mason-Dixon Polling & Strategy,2019-12-11,2019-12-16,2020,FL,625,47.0,45.0,0.02
115292,63203,Mason-Dixon Polling & Strategy,2019-12-12,2019-12-16,2020,VA,625,49.0,45.0,0.04
115415,63224,Emerson College,2020-01-03,2020-01-06,2020,NM,967,54.3,45.7,0.08599999999999994
115520,63233,Public Policy Polling,2019-12-29,2019-12-31,2020,IA,964,46.0,49.0,-0.03
115524,63234,Public Policy Polling,2020-01-02,2020-01-04,2020,AZ,760,46.0,46.0,0.0
115541,63238,Glengariff Group,2020-01-03,2020-01-07,2020,MI,600,50.1,43.2,0.06899999999999999
115548,63240,Mason-Dixon Polling & Strategy,2019-12-19,2019-12-23,2020,GA,625,44.0,51.0,-0.07
115578,63245,Fox News/Beacon Research/Shaw & Co. Research,2020-01-05,2020-01-08,2020,NV,1505,47.0,39.0,0.08
115582,63246,Fox News/Beacon Research/Shaw & Co. Research,2020-01-05,2020-01-08,2020,WI,1504,46.0,41.0,0.05
115614,63255,Sacred Heart University,2019-12-16,2020-01-02,2020,CT,1000,51.7,32.3,0.19400000000000006
115700,63277,EPIC-MRA,2020-01-09,2020-01-12,2020,MI,600,50.0,44.0,0.06
115772,63280,Florida Atlantic University,2020-01-09,2020-01-12,2020,FL,1285,51.41,48.59,0.028199999999999933
115783,63283,WPA Intelligence (WPAi),2020-01-07,2020-01-09,2020,WV,500,31.0,66.0,-0.35
115906,63311,Cherry Communications,2020-01-03,2020-01-12,2020,FL,608,45.0,49.0,-0.04
115921,63296,SurveyUSA,2020-01-14,2020-01-16,2020,CA,1967,59.0,35.0,0.24
116095,63347,Siena College/The New York Times Upshot,2020-01-20,2020-01-23,2020,IA,1689,44.0,46.0,-0.02
116138,63351,Marist College,2020-01-20,2020-01-23,2020,NH,2223,51.0,43.0,0.08
116194,63365,Gonzales Research & Marketing Strategies Inc.,2020-01-16,2020-01-21,2020,DE,410,55.9,40.2,0.15699999999999995
116264,63381,WPA Intelligence (WPAi),2020-01-07,2020-01-09,2020,AL,500,38.0,59.0,-0.21
116338,63389,Texas Lyceum,2020-01-10,2020-01-19,2020,TX,520,46.0,51.0,-0.05
116342,63390,American Viewpoint,2020-01-20,2020-01-22,2020,MO,1200,43.0,50.0,-0.07
116348,63391,Data for Progress,2020-01-16,2020-01-21,2020,TX,1486,40.0,54.0,-0.14
116395,63405,RMG Research,2020-01-15,2020-01-22,2020,UT,1017,31.0,49.0,-0.18
116463,63422,University of Texas at Tyler,2020-01-21,2020-01-30,2020,TX,1169,42.0,44.0,-0.02
116650,63464,Mason-Dixon Polling & Strategy,2020-01-28,2020-01-30,2020,TN,625,39.0,55.0,-0.16
116664,63466,DFM Research,2020-01-28,2020-02-01,2020,ND,392,38.0,57.0,-0.19
116674,63470,East Carolina University,2020-01-31,2020-02-02,2020,SC,1756,40.0,52.0,-0.12
116697,63477,McLaughlin & Associates,2020-02-04,2020-02-05,2020,NH,400,45.0,49.0,-0.04
116793,63509,DFM Research,2020-01-30,2020-02-06,2020,KS,600,43.0,51.0,-0.08
116817,63513,AtlasIntel,2020-02-08,2020-02-10,2020,NH,1100,43.5,45.9,-0.023999999999999987
116839,63515,Mason-Dixon Polling & Strategy,2020-02-04,2020-02-06,2020,AL,625,38.0,58.0,-0.2
117018,63578,Tarrance Group,2020-01-14,2020-01-16,2020,WI,500,47.0,46.0,0.01
117456,63798,YouGov,2020-01-31,2020-02-09,2020,TX,1200,43.0,47.0,-0.04
118174,64222,Cole Hargrave Snodgrass & Associates,2020-02-10,2020-02-13,2020,OK,500,34.0,62.0,-0.28
118356,64346,Fairleigh Dickinson University (PublicMind),2020-02-12,2020-02-16,2020,NJ,715,53.0,35.0,0.18
118561,64343,SurveyUSA,2020-02-13,2020-02-16,2020,NC,2366,49.0,45.0,0.04
118570,64352,SurveyUSA,2020-02-13,2020-02-16,2020,CA,1196,57.0,37.0,0.2
118576,64462,University of North Florida,2020-02-10,2020-02-18,2020,FL,668,49.0,48.0,0.01
118604,64470,Quinnipiac University,2020-02-12,2020-02-18,2020,MI,845,47.0,43.0,0.04
118605,64471,Quinnipiac University,2020-02-12,2020-02-18,2020,PA,849,50.0,42.0,0.08
118606,64472,Quinnipiac University,2020-02-12,2020-02-18,2020,WI,823,42.0,49.0,-0.07
118669,64478,YouGov,2020-02-01,2020-02-15,2020,CA,1200,59.9,30.4,0.295
118755,64494,AtlasIntel,2020-02-19,2020-02-21,2020,NV,1100,43.7,40.9,0.028000000000000042
118771,64498,YouGov,2020-02-11,2020-02-20,2020,PA,1171,46.0,45.0,0.01
118776,64499,YouGov,2020-02-11,2020-02-20,2020,MI,1249,47.0,43.0,0.04
118781,64500,YouGov,2020-02-11,2020-02-20,2020,WI,936,45.0,43.0,0.02
118802,64503,Siena College,2020-02-16,2020-02-20,2020,NY,658,55.0,36.0,0.19
118823,64507,Roanoke College,2020-02-09,2020-02-18,2020,VA,520,48.0,40.0,0.08
118879,64518,Goucher College,2020-02-13,2020-02-19,2020,MD,718,60.0,35.0,0.25
119056,64574,University of Montana,2020-02-12,2020-02-22,2020,MT,498,33.9,56.2,-0.22300000000000003
119069,64582,Muhlenberg College,2020-02-12,2020-02-20,2020,PA,424,47.0,47.0,0.0
119079,64585,University of New Hampshire,2020-02-19,2020-02-25,2020,NH,576,44.0,46.0,-0.02
119094,64588,Marquette University Law School,2020-02-19,2020-02-23,2020,WI,1000,46.0,46.0,0.0
119201,64613,Univision/University of Houston/Latino Decisions,2020-02-21,2020-02-26,2020,TX,1004,43.0,46.0,-0.03
119209,64614,SSRS,2020-02-22,2020-02-26,2020,CA,951,60.0,35.0,0.25
119215,64615,SSRS,2020-02-22,2020-02-26,2020,TX,1003,48.0,47.0,0.01
119246,64595,"University of California, Berkeley",2020-02-20,2020-02-25,2020,CA,6002,57.8,30.9,0.26899999999999996
119272,64622,AtlasIntel,2020-02-25,2020-02-28,2020,SC,1100,41.8,47.6,-0.058000000000000045
119297,64628,Remington Research Group,2020-02-26,2020-02-27,2020,MO,1050,42.0,52.0,-0.1
119319,64638,University of Texas at Tyler,2020-02-17,2020-02-26,2020,TX,1221,44.0,45.0,-0.01
119333,64639,Marist College,2020-02-23,2020-02-27,2020,NC,2120,49.0,45.0,0.04
119335,64640,Marist College,2020-02-23,2020-02-27,2020,TX,2409,45.0,49.0,-0.04
119339,64641,East Carolina University,2020-02-27,2020-02-28,2020,NC,1288,48.1,45.5,0.026000000000000013
119384,64651,YouGov,2020-02-26,2020-02-28,2020,CA,1507,59.0,31.0,0.28
119406,64657,Saint Leo University,2020-02-17,2020-02-22,2020,FL,900,51.2,40.3,0.10900000000000006
119418,64659,Climate Nexus,2020-02-15,2020-02-19,2020,NC,675,46.0,44.0,0.02
119424,64660,Climate Nexus,2020-02-15,2020-02-19,2020,CO,485,46.0,43.0,0.03
119433,64661,AtlasIntel,2020-02-24,2020-03-02,2020,CA,1100,62.1,26.2,0.35900000000000004
119441,64665,AtlasIntel,2020-02-24,2020-03-02,2020,TX,1100,42.8,46.5,-0.037000000000000026
119461,64670,Hampton University,2020-02-25,2020-02-28,2020,VA,768,45.0,38.0,0.07
119609,64706,University of Georgia,2020-02-24,2020-03-02,2020,GA,1117,43.1,51.4,-0.08299999999999998
119672,64717,Public Policy Polling,2020-03-02,2020-03-03,2020,ME,872,52.0,42.0,0.1
119674,64718,Public Policy Polling,2020-03-02,2020-03-03,2020,AZ,666,48.0,47.0,0.01
119686,64719,Mason-Dixon Polling & Strategy,2020-02-26,2020-02-28,2020,MS,625,41.0,56.0,-0.15
119714,64734,RMG Research,2020-02-24,2020-03-01,2020,UT,1000,33.0,50.0,-0.17
119724,64741,Expedition Strategies,2020-02-06,2020-02-18,2020,MI,500,43.0,43.0,0.0
119728,64742,Expedition Strategies,2020-02-06,2020-02-18,2020,PA,500,47.0,42.0,0.05
119732,64743,Expedition Strategies,2020-02-06,2020-02-18,2020,WI,500,42.0,44.0,-0.02
119757,64752,"Fabrizio, Lee & Associates",2020-01-22,2020-01-24,2020,AZ,1000,45.0,50.0,-0.05
119785,64755,Optimus,2020-03-05,2020-03-07,2020,MI,550,44.34,46.49,-0.021499999999999984
119787,64756,Optimus,2020-03-05,2020-03-07,2020,PA,533,43.77,45.44,-0.016699999999999948
119789,64757,Optimus,2020-03-05,2020-03-07,2020,WI,502,43.07,44.56,-0.014900000000000019
119801,64762,DFM Research,2020-03-03,2020-03-05,2020,ND,400,38.0,55.0,-0.17
119808,64764,Monmouth University,2020-03-05,2020-03-08,2020,MI,977,48.0,41.0,0.07
119814,64766,YouGov,2020-03-06,2020-03-08,2020,MI,566,45.0,41.0,0.04
119816,64767,YouGov,2020-03-06,2020-03-08,2020,PA,725,46.0,40.0,0.06
119818,64768,YouGov,2020-03-06,2020-03-08,2020,WI,459,44.0,42.0,0.02
119843,64774,AtlasIntel,2020-03-07,2020-03-09,2020,MI,1100,44.1,45.5,-0.013999999999999986
119864,64787,Florida Atlantic University,2020-03-05,2020-03-07,2020,FL,1216,49.41,50.59,-0.011800000000000067
119888,64740,SurveyUSA,2020-03-04,2020-03-06,2020,WA,992,57.0,34.0,0.23
119941,64801,Amber Integrated,2020-03-05,2020-03-08,2020,OK,500,33.0,57.0,-0.24
119947,64804,Selzer & Co.,2020-03-02,2020-03-05,2020,IA,667,41.0,51.0,-0.1
119955,64807,Public Policy Polling,2020-03-10,2020-03-11,2020,WI,1727,48.0,45.0,0.03
119957,64808,Public Policy Polling,2020-03-10,2020-03-11,2020,KS,1567,40.0,52.0,-0.12
119982,64749,OH Predictive Insights,2020-03-03,2020-03-04,2020,AZ,600,49.0,43.0,0.06
119992,64820,Latino Decisions,2020-03-06,2020-03-11,2020,AZ,1036,50.0,42.0,0.08
120015,64830,Climate Nexus,2020-02-11,2020-02-15,2020,AZ,539,42.0,46.0,-0.04
120034,64835,Monmouth University,2020-03-11,2020-03-14,2020,AZ,847,46.0,43.0,0.03
120054,64840,Marist College,2020-03-10,2020-03-13,2020,OH,1710,49.0,45.0,0.04
120056,64841,Marist College,2020-03-10,2020-03-15,2020,AZ,2523,47.0,46.0,0.01
120061,64842,Latino Decisions,2020-03-06,2020-03-12,2020,FL,1071,45.0,48.0,-0.03
120091,64852,AtlasIntel,2020-03-14,2020-03-16,2020,FL,1100,45.4,44.9,0.005
120158,64876,Sacred Heart University,2020-02-24,2020-03-12,2020,CT,1000,51.9,35.6,0.16299999999999998
120492,64982,Marketing Resource Group (MRG),2020-03-16,2020-03-20,2020,MI,600,44.0,41.0,0.03
120499,64985,Baldwin Wallace University,2020-03-17,2020-03-25,2020,MI,997,47.3,42.2,0.05099999999999994
120500,64986,Baldwin Wallace University,2020-03-17,2020-03-25,2020,OH,1025,42.9,47.2,-0.043000000000000045
120501,64987,Baldwin Wallace University,2020-03-17,2020-03-25,2020,PA,973,44.5,46.5,-0.02
120502,64988,Baldwin Wallace University,2020-03-17,2020-03-25,2020,WI,822,44.9,44.8,0.0010000000000000141
120539,65002,Hodas & Associates,2020-03-12,2020-03-16,2020,MI,600,51.83,44.67,0.07159999999999997
120541,65003,Hodas & Associates,2020-03-17,2020-03-19,2020,WI,600,46.5,49.17,-0.026700000000000015
120543,65004,Hodas & Associates,2020-03-19,2020-03-21,2020,PA,600,46.67,47.17,-0.005
120581,65017,Siena College,2020-03-22,2020-03-26,2020,NY,566,58.0,33.0,0.25
120698,65048,Public Policy Polling,2020-03-28,2020-03-29,2020,CA,962,67.0,29.0,0.38
120701,65050,Marquette University Law School,2020-03-24,2020-03-29,2020,WI,813,48.0,45.0,0.03
120728,65060,Public Policy Polling,2020-03-31,2020-04-01,2020,MI,1019,48.0,45.0,0.03
120899,65227,Battleground Connect,2020-03-31,2020-04-01,2020,GA,1035,46.0,48.0,-0.02
121344,65668,Spry Strategies,2020-03-30,2020-04-01,2020,MI,602,45.81,46.12,-0.0030999999999999518
121353,65673,University of North Florida,2020-03-31,2020-04-04,2020,FL,3244,46.0,40.0,0.06
121489,65728,Y2 Analytics,2020-03-21,2020-03-30,2020,UT,1266,41.0,46.0,-0.05
121498,65734,Garin-Hart-Yang Research Group,2020-04-06,2020-04-08,2020,MI,303,50.0,41.0,0.09
121499,65735,Garin-Hart-Yang Research Group,2020-04-06,2020-04-08,2020,WI,301,48.0,47.0,0.01
121522,65742,OH Predictive Insights,2020-04-07,2020-04-08,2020,AZ,600,52.0,43.0,0.09
121524,65743,Sacred Heart University,2020-03-24,2020-04-03,2020,CT,1000,47.3,34.1,0.13199999999999995
121527,65745,Virginia Commonwealth University,2020-03-25,2020-04-08,2020,VA,663,51.0,41.0,0.1
121557,65758,Harper Polling,2020-04-05,2020-04-07,2020,NC,500,42.0,49.0,-0.07
121564,65761,Public Policy Polling,2020-04-14,2020-04-15,2020,NC,1318,48.0,47.0,0.01
121602,65779,St. Pete Polls,2020-04-16,2020-04-17,2020,FL,5659,48.3,47.5,0.007999999999999972
121609,65782,Change Research,2020-04-10,2020-04-13,2020,IN,1021,39.0,52.0,-0.13
121681,65810,Chism Strategies,2020-04-08,2020-04-09,2020,MS,508,38.1,48.7,-0.10600000000000001
121682,65811,EMC Research,2020-03-31,2020-04-06,2020,WA,473,52.0,39.0,0.13
121789,65841,Quinnipiac University,2020-04-16,2020-04-20,2020,FL,1385,46.0,42.0,0.04
121894,65861,Fox News/Beacon Research/Shaw & Co. Research,2020-04-18,2020-04-21,2020,MI,801,49.0,41.0,0.08
121895,65862,Fox News/Beacon Research/Shaw & Co. Research,2020-04-18,2020-04-21,2020,PA,803,50.0,42.0,0.08
121901,65863,Ipsos,2020-04-15,2020-04-20,2020,MI,612,46.0,38.0,0.08
121902,65864,Ipsos,2020-04-15,2020-04-20,2020,PA,578,46.0,40.0,0.06
121903,65865,Ipsos,2020-04-15,2020-04-20,2020,WI,645,43.0,40.0,0.03
121969,65887,Monmouth University,2020-04-16,2020-04-19,2020,NJ,635,54.0,38.0,0.16
121995,65893,Susquehanna Polling & Research Inc.,2020-04-14,2020-04-20,2020,PA,693,48.0,42.0,0.06
122083,65900,Public Policy Polling,2020-04-20,2020-04-21,2020,NC,1275,49.0,46.0,0.03
122084,65901,Public Policy Polling,2020-04-20,2020-04-21,2020,MI,1277,51.0,44.0,0.07
122085,65902,Public Policy Polling,2020-04-20,2020-04-21,2020,PA,1251,51.0,44.0,0.07
122086,65903,Public Policy Polling,2020-04-20,2020-04-21,2020,WI,1415,50.0,45.0,0.05
122089,65905,Fox News/Beacon Research/Shaw & Co. Research,2020-04-18,2020-04-21,2020,FL,1004,46.0,43.0,0.03
122093,65907,Hodas & Associates,2020-04-09,2020-04-11,2020,MI,600,49.67,43.33,0.06340000000000004
122094,65908,Hodas & Associates,2020-04-13,2020-04-15,2020,WI,600,50.0,45.83,0.041700000000000015
122095,65909,Hodas & Associates,2020-04-16,2020-04-18,2020,PA,600,47.5,47.5,0.0
122098,65911,Public Policy Polling,2020-04-20,2020-04-21,2020,NM,1009,52.0,40.0,0.12
122108,65918,YouGov,2020-04-10,2020-04-19,2020,TX,1200,44.0,49.0,-0.05
122112,65920,Siena College,2020-04-19,2020-04-23,2020,NY,803,65.0,29.0,0.36
122113,65921,Baldwin Wallace University,2020-04-20,2020-04-25,2020,OH,797,44.9,44.2,0.006999999999999958
122152,65937,SurveyUSA,2020-04-23,2020-04-26,2020,NC,580,50.0,45.0,0.05
122163,65940,RMG Research,2020-04-15,2020-04-21,2020,UT,964,32.0,51.0,-0.19
122177,65944,Public Policy Polling,2020-04-27,2020-04-28,2020,TX,1032,47.0,46.0,0.01
122181,65948,Garin-Hart-Yang Research Group,2020-04-13,2020-04-18,2020,NC,800,48.0,45.0,0.03
122189,65950,Saint Anselm College,2020-04-23,2020-04-27,2020,NH,820,50.0,42.0,0.08
122307,66008,Public Policy Polling,2020-04-28,2020-04-29,2020,MI,1270,50.0,42.0,0.08
122315,66011,Cygnal,2020-04-25,2020-04-27,2020,GA,591,44.0,45.1,-0.011000000000000015
122461,66024,Meredith College,2020-04-27,2020-04-28,2020,NC,604,47.4,40.4,0.07
122477,66031,Harper Polling,2020-04-21,2020-04-26,2020,PA,644,49.0,43.0,0.06
122508,66043,University of Texas at Tyler,2020-04-18,2020-04-27,2020,TX,1183,43.0,43.0,0.0
122515,66047,Public Policy Polling,2020-04-30,2020-05-01,2020,IA,1222,46.0,48.0,-0.02
122720,66072,Montana State University Bozeman,2020-04-10,2020-04-27,2020,MT,459,39.65,45.32,-0.056700000000000014
122725,66073,Civiqs,2020-05-02,2020-05-04,2020,NC,1362,49.0,46.0,0.03
122798,66099,Montana State University Bozeman,2020-04-10,2020-04-19,2020,CO,380,53.16,35.0,0.18159999999999996
122924,66140,Keating Research/OnSight Public Affairs/Melanson,2020-05-01,2020-05-03,2020,CO,600,55.0,36.0,0.19
122928,66142,ALG Research,2020-04-27,2020-04-30,2020,NV,763,49.0,45.0,0.04
122947,66145,Quinnipiac University,2020-04-30,2020-05-04,2020,NY,915,55.0,32.0,0.23
122948,66146,Quinnipiac University,2020-04-30,2020-05-04,2020,NJ,941,54.0,35.0,0.19
122949,66147,Quinnipiac University,2020-04-30,2020-05-04,2020,CT,945,56.0,33.0,0.23
123087,66175,University of Massachusetts Lowell,2020-04-27,2020-05-01,2020,MA,1000,58.0,30.0,0.28
123160,66203,Emerson College,2020-05-05,2020-05-06,2020,MA,740,66.87,33.13,0.33740000000000003
123278,66241,Emerson College,2020-05-08,2020-05-10,2020,TX,800,48.31,51.69,-0.033799999999999955
123279,66242,Emerson College,2020-05-08,2020-05-10,2020,OH,725,48.63,51.37,-0.02739999999999995
123280,66243,Emerson College,2020-05-08,2020-05-09,2020,CA,800,65.17,34.83,0.30340000000000006
123326,66267,Public Opinion Strategies,2020-05-04,2020-05-07,2020,GA,500,47.0,46.0,0.01
123382,66284,Rutgers University,2020-04-22,2020-05-02,2020,NJ,1364,56.0,33.0,0.23
123389,66288,Florida Atlantic University,2020-05-08,2020-05-12,2020,FL,928,52.65,47.35,0.05299999999999997
123390,66289,East Carolina University,2020-05-07,2020-05-09,2020,NC,1111,43.2,46.1,-0.028999999999999984
123393,66290,BK Strategies,2020-05-11,2020-05-13,2020,GA,700,46.0,48.0,-0.02
123416,66303,Global Strategy Group,2020-05-07,2020-05-11,2020,CO,800,53.0,40.0,0.13
123432,66308,Point Blank Political,2020-05-14,2020-05-17,2020,FL,2149,44.5,43.9,0.006000000000000014
123434,66309,OH Predictive Insights,2020-05-09,2020-05-11,2020,AZ,600,50.46,42.56,0.07899999999999999
123437,66310,Roanoke College,2020-05-03,2020-05-16,2020,VA,563,51.0,39.0,0.12
123441,66312,Civiqs,2020-05-16,2020-05-18,2020,GA,1339,48.0,47.0,0.01
123457,66316,East Tennessee State University,2020-04-22,2020-05-01,2020,TN,536,36.0,53.0,-0.17
123640,66392,Public Policy Polling,2020-05-14,2020-05-15,2020,KY,1104,39.0,55.0,-0.16
123700,66399,SurveyUSA,2020-05-18,2020-05-19,2020,CA,537,58.0,30.0,0.28
123701,66400,Hodas & Associates,2020-05-01,2020-05-05,2020,MI,600,51.83,42.17,0.09659999999999996
123702,66401,Hodas & Associates,2020-05-09,2020-05-13,2020,PA,600,46.0,50.5,-0.045
123703,66402,Hodas & Associates,2020-05-06,2020-05-08,2020,WI,600,51.5,42.17,0.09329999999999998
123705,66403,SurveyUSA,2020-05-16,2020-05-19,2020,WA,530,57.0,31.0,0.26
123715,66406,Change Research,2020-05-11,2020-05-17,2020,MI,3070,46.67,44.21,0.024600000000000007
123726,66409,Public Policy Polling,2020-05-18,2020-05-19,2020,MI,1234,51.0,45.0,0.06
123926,66502,Redfield & Wilton Strategies,2020-05-10,2020-05-14,2020,AZ,946,45.0,41.0,0.04
123927,66503,Redfield & Wilton Strategies,2020-05-10,2020-05-14,2020,NC,859,45.0,43.0,0.02
123928,66504,Redfield & Wilton Strategies,2020-05-10,2020-05-14,2020,FL,1014,45.0,43.0,0.02
123929,66505,Redfield & Wilton Strategies,2020-05-10,2020-05-14,2020,PA,963,48.0,39.0,0.09
123930,66506,Redfield & Wilton Strategies,2020-05-10,2020-05-14,2020,MI,970,47.0,39.0,0.08
123931,66507,Redfield & Wilton Strategies,2020-05-10,2020-05-14,2020,WI,875,48.0,38.0,0.1
123936,66509,Neighborhood Research and Media,2020-05-12,2020-05-21,2020,NC,391,42.0,42.0,0.0
123950,66513,Public Policy Polling,2020-05-19,2020-05-20,2020,WA,1070,59.0,37.0,0.22
123957,66517,Mason-Dixon Polling & Strategy,2020-05-18,2020-05-20,2020,MN,800,49.0,44.0,0.05
123959,66519,Gonzales Research & Marketing Strategies Inc.,2020-05-19,2020-05-23,2020,MD,810,59.1,35.3,0.23800000000000004
123975,66529,Meeting Street Research,2020-05-09,2020-05-13,2020,NC,500,46.6,46.8,-0.0019999999999999575
123981,66530,HighGround Inc.,2020-05-18,2020-05-22,2020,AZ,400,47.0,45.3,0.01700000000000003
123993,66535,Siena College,2020-05-17,2020-05-21,2020,NY,796,57.0,32.0,0.25
124015,66546,Civiqs,2020-05-23,2020-05-26,2020,SC,591,42.0,52.0,-0.1
124032,66554,St. Pete Polls,2020-05-26,2020-05-27,2020,FL,4763,47.5,46.7,0.007999999999999972
124033,66555,We Ask America,2020-05-26,2020-05-27,2020,MO,500,44.0,48.0,-0.04
124049,66561,Victoria Research & Consulting,2020-05-21,2020-05-23,2020,IN,894,39.0,49.0,-0.1
124393,66695,Public Policy Polling,2020-05-29,2020-05-30,2020,MI,1582,50.0,44.0,0.06
124409,66701,Civiqs,2020-05-30,2020-06-01,2020,KS,699,40.0,52.0,-0.12
124434,66710,Change Research,2020-05-29,2020-05-31,2020,AZ,329,44.0,45.0,-0.01
124435,66711,Change Research,2020-05-29,2020-05-31,2020,FL,1186,48.0,45.0,0.03
124436,66712,Change Research,2020-05-29,2020-05-31,2020,MI,620,48.0,46.0,0.02
124437,66713,Change Research,2020-05-29,2020-05-31,2020,NC,806,46.0,45.0,0.01
124438,66714,Change Research,2020-05-29,2020-05-31,2020,PA,579,46.0,50.0,-0.04
124439,66715,Change Research,2020-05-29,2020-05-31,2020,WI,382,45.0,45.0,0.0
124458,66721,Harper Polling,2020-05-26,2020-05-28,2020,NC,500,44.0,47.0,-0.03
124461,66722,Quinnipiac University,2020-05-28,2020-06-01,2020,TX,1166,43.0,44.0,-0.01
124469,66724,Fox News/Beacon Research/Shaw & Co. Research,2020-05-30,2020-06-02,2020,AZ,1002,46.0,42.0,0.04
124470,66725,Fox News/Beacon Research/Shaw & Co. Research,2020-05-30,2020-06-02,2020,OH,803,45.0,43.0,0.02
124471,66726,Fox News/Beacon Research/Shaw & Co. Research,2020-05-30,2020-06-02,2020,WI,801,49.0,40.0,0.09
124479,66727,Public Policy Institute of California,2020-05-17,2020-05-26,2020,CA,1048,57.0,33.0,0.24
124482,66729,Public Policy Polling,2020-06-02,2020-06-03,2020,NC,949,49.0,45.0,0.04
124511,66740,Public Policy Polling,2020-06-03,2020-06-04,2020,IA,963,47.0,48.0,-0.01
124517,66742,Public Policy Polling,2020-06-03,2020-06-04,2020,TX,682,48.0,48.0,0.0
124528,66748,EPIC-MRA,2020-05-30,2020-06-03,2020,MI,600,53.0,41.0,0.12
124563,66764,Amber Integrated,2020-06-03,2020-06-04,2020,OK,500,36.0,55.0,-0.19
124564,66765,RMG Research,2020-05-21,2020-05-24,2020,KY,500,36.0,53.0,-0.17
124568,66766,SSRS,2020-05-05,2020-05-22,2020,TN,1000,42.0,51.0,-0.09
124569,66767,Civiqs,2020-06-06,2020-06-08,2020,IA,865,46.0,46.0,0.0
124574,66769,Kiaer Research,2020-05-31,2020-06-07,2020,MI,543,50.0,35.0,0.15
124609,66784,TargetSmart/William & Mary,2020-05-21,2020-05-27,2020,GA,321,40.0,44.0,-0.04
124610,66785,Cygnal,2020-05-18,2020-05-30,2020,FL,881,47.0,43.8,0.03200000000000003
124634,66795,Remington Research Group,2020-06-10,2020-06-11,2020,MO,1152,43.0,51.0,-0.08
124637,66797,Hendrix College,2020-06-09,2020-06-10,2020,AR,869,45.0,47.0,-0.02
124672,66796,Selzer & Co.,2020-06-07,2020-06-10,2020,IA,674,43.0,44.0,-0.01
124678,66816,EPIC-MRA,2020-05-31,2020-06-04,2020,MI,600,55.0,39.0,0.16
124679,66817,Public Policy Polling,2020-06-12,2020-06-13,2020,NM,740,53.0,39.0,0.14
124682,66818,IBD/TIPP,2020-06-09,2020-06-12,2020,MI,859,51.0,38.0,0.13
124684,66819,IBD/TIPP,2020-06-09,2020-06-11,2020,FL,875,51.0,40.0,0.11
124692,66820,Civiqs,2020-06-13,2020-06-15,2020,AZ,1368,49.0,45.0,0.04
124701,66824,Public Policy Polling,2020-06-12,2020-06-13,2020,GA,661,48.0,46.0,0.02
124703,66825,Chism Strategies,2020-06-02,2020-06-04,2020,MS,568,40.6,50.4,-0.09799999999999998
124713,66829,Change Research,2020-06-12,2020-06-14,2020,FL,713,50.0,43.0,0.07
124714,66830,Change Research,2020-06-12,2020-06-14,2020,PA,491,49.0,46.0,0.03
124715,66831,Change Research,2020-06-12,2020-06-14,2020,WI,231,48.0,44.0,0.04
124716,66832,Change Research,2020-06-12,2020-06-14,2020,MI,353,47.0,45.0,0.02
124717,66833,Change Research,2020-06-12,2020-06-14,2020,NC,378,47.0,45.0,0.02
124718,66834,Change Research,2020-06-12,2020-06-14,2020,AZ,201,45.0,44.0,0.01
124745,66846,Civiqs,2020-06-13,2020-06-15,2020,KY,898,37.0,57.0,-0.2
124765,66852,Saint Anselm College,2020-06-13,2020-06-16,2020,NH,1072,49.0,42.0,0.07
124773,66525,Y2 Analytics,2020-05-09,2020-05-15,2020,UT,1078,40.0,46.0,-0.06
124777,66855,Gravis Marketing,2020-06-17,2020-06-17,2020,NC,631,43.0,46.0,-0.03
124786,66859,Gravis Marketing,2020-06-19,2020-06-19,2020,MN,600,58.0,42.0,0.16
124788,66860,Trafalgar Group,2020-06-16,2020-06-18,2020,MI,1101,46.2,45.3,0.009000000000000057
124795,66864,FM3 Research,2020-05-14,2020-05-18,2020,AL,601,39.0,53.0,-0.14
124818,66876,Public Policy Polling,2020-06-18,2020-06-19,2020,TX,907,46.0,48.0,-0.02
124820,59488,Marquette University Law School,2019-08-25,2019-08-29,2020,WI,672,51.0,44.0,0.07
124821,62431,Marquette University Law School,2019-10-13,2019-10-17,2020,WI,657,51.0,44.0,0.07
124822,62674,Marquette University Law School,2019-11-13,2019-11-17,2020,WI,685,45.0,48.0,-0.03
124823,63090,Marquette University Law School,2019-12-03,2019-12-08,2020,WI,652,49.0,47.0,0.02
124824,63282,Marquette University Law School,2020-01-08,2020-01-12,2020,WI,701,48.0,47.0,0.01
124880,66888,Public Policy Polling,2020-06-22,2020-06-23,2020,NC,1157,48.0,46.0,0.02
124885,66889,Quinnipiac University,2020-06-18,2020-06-22,2020,OH,1139,46.0,45.0,0.01
124894,66892,Siena College/The New York Times Upshot,2020-06-08,2020-06-16,2020,AZ,650,48.0,41.0,0.07
124895,66893,Siena College/The New York Times Upshot,2020-06-08,2020-06-18,2020,FL,651,47.0,41.0,0.06
124896,66894,Siena College/The New York Times Upshot,2020-06-08,2020-06-17,2020,MI,610,47.0,36.0,0.11
124897,66895,Siena College/The New York Times Upshot,2020-06-08,2020-06-18,2020,NC,653,49.0,40.0,0.09
124898,66896,Siena College/The New York Times Upshot,2020-06-08,2020-06-16,2020,PA,651,50.0,40.0,0.1
124899,66897,Siena College/The New York Times Upshot,2020-06-08,2020-06-15,2020,WI,655,49.0,38.0,0.11
124919,66900,Hodas & Associates,2020-06-08,2020-06-11,2020,PA,600,53.83,42.17,0.11659999999999997
124920,66901,Hodas & Associates,2020-06-12,2020-06-16,2020,WI,600,55.33,38.67,0.16659999999999997
124921,66902,Hodas & Associates,2020-06-17,2020-06-20,2020,MI,600,55.5,37.5,0.18
124931,66904,Redfield & Wilton Strategies,2020-06-14,2020-06-17,2020,AZ,865,43.0,39.0,0.04
124932,66905,Redfield & Wilton Strategies,2020-06-14,2020-06-17,2020,NC,902,46.0,40.0,0.06
124933,66906,Redfield & Wilton Strategies,2020-06-14,2020-06-15,2020,FL,1079,45.0,41.0,0.04
124934,66907,Redfield & Wilton Strategies,2020-06-14,2020-06-16,2020,PA,1125,49.0,39.0,0.1
124935,66908,Redfield & Wilton Strategies,2020-06-14,2020-06-16,2020,MI,826,47.0,36.0,0.11
124936,66909,Redfield & Wilton Strategies,2020-06-14,2020-06-19,2020,WI,846,45.0,36.0,0.09
124953,66916,Fox News/Beacon Research/Shaw & Co. Research,2020-06-20,2020-06-23,2020,FL,1010,49.0,40.0,0.09
124954,66917,Fox News/Beacon Research/Shaw & Co. Research,2020-06-20,2020-06-23,2020,GA,1013,47.0,45.0,0.02
124955,66918,Fox News/Beacon Research/Shaw & Co. Research,2020-06-20,2020-06-23,2020,NC,1012,47.0,45.0,0.02
124956,66919,Fox News/Beacon Research/Shaw & Co. Research,2020-06-20,2020-06-23,2020,TX,1001,45.0,44.0,0.01
124981,66932,Trafalgar Group,2020-06-23,2020-06-25,2020,WI,1021,44.6,45.5,-0.008999999999999985
124982,66933,Public Policy Polling,2020-06-25,2020-06-26,2020,GA,734,49.0,45.0,0.04
124990,66937,Susquehanna Polling & Research Inc.,2020-06-15,2020-06-23,2020,PA,715,46.0,41.0,0.05
125000,66940,Siena College,2020-06-23,2020-06-25,2020,NY,806,57.0,32.0,0.25
125004,66941,Garin-Hart-Yang Research Group,2020-06-16,2020-06-22,2020,MO,800,48.0,46.0,0.02
125022,66953,East Carolina University,2020-06-22,2020-06-25,2020,NC,1149,45.1,43.8,0.013000000000000043
125029,66956,Change Research,2020-06-26,2020-06-28,2020,AZ,311,51.0,44.0,0.07
125030,66957,Change Research,2020-06-26,2020-06-28,2020,FL,951,50.0,45.0,0.05
125031,66958,Change Research,2020-06-26,2020-06-28,2020,MI,699,48.0,43.0,0.05
125032,66959,Change Research,2020-06-26,2020-06-28,2020,NC,468,51.0,44.0,0.07
125033,66960,Change Research,2020-06-26,2020-06-28,2020,PA,760,50.0,44.0,0.06
125034,66961,Change Research,2020-06-26,2020-06-28,2020,WI,502,51.0,43.0,0.08
125069,66969,Data Orbital,2020-06-27,2020-06-29,2020,AZ,600,47.1,45.4,0.01700000000000003
125078,66973,Public Policy Polling,2020-06-29,2020-06-30,2020,CO,840,56.0,39.0,0.17
125090,66975,Public Policy Polling,2020-06-26,2020-06-27,2020,MI,1237,50.0,44.0,0.06
125093,66976,Gravis Marketing,2020-06-27,2020-06-27,2020,AZ,527,45.0,49.0,-0.04
125098,66978,University of Montana,2020-06-17,2020-06-26,2020,MT,517,37.9,52.3,-0.144
125102,66979,Public Policy Polling,2020-06-24,2020-06-25,2020,TX,729,48.0,46.0,0.02
125106,66982,YouGov,2020-06-19,2020-06-29,2020,TX,1200,44.0,48.0,-0.04
125127,66992,Trafalgar Group,2020-06-29,2020-07-02,2020,FL,1072,45.9,45.94,-0.00039999999999999145
125129,66994,Public Policy Polling,2020-07-02,2020-07-03,2020,ME,1022,53.0,42.0,0.11
125183,66997,Trafalgar Group,2020-06-29,2020-07-02,2020,PA,1062,48.0,42.7,0.05299999999999997
125245,67028,Public Policy Polling,2020-07-07,2020-07-08,2020,AK,1081,45.0,48.0,-0.03
125267,67044,Public Policy Polling,2020-07-07,2020-07-08,2020,NC,818,50.0,46.0,0.04
125274,67048,Auburn University at Montgomery,2020-07-02,2020-07-09,2020,AL,558,40.6,55.0,-0.144
125280,67051,GBAO,2020-04-13,2020-04-16,2020,AZ,500,47.0,46.0,0.01
125281,67052,GBAO,2020-04-13,2020-04-16,2020,IA,500,45.0,48.0,-0.03
125282,67053,GBAO,2020-04-13,2020-04-16,2020,NC,500,48.0,46.0,0.02
125284,67054,University of Texas at Tyler,2020-06-29,2020-07-07,2020,TX,1677,48.0,43.0,0.05
125289,67055,YouGov,2020-07-07,2020-07-10,2020,AZ,1087,46.0,46.0,0.0
125290,67056,YouGov,2020-07-07,2020-07-10,2020,FL,1206,48.0,42.0,0.06
125291,67057,YouGov,2020-07-07,2020-07-10,2020,TX,1185,45.0,46.0,-0.01
125297,67060,Gravis Marketing,2020-07-02,2020-07-02,2020,GA,513,45.0,48.0,-0.03
125313,67067,Public Policy Polling,2020-07-09,2020-07-10,2020,MT,1224,42.0,51.0,-0.09
125320,67069,YouGov,2020-06-23,2020-07-01,2020,MO,900,42.5,49.6,-0.07100000000000001
125335,67079,Civiqs,2020-07-11,2020-07-13,2020,MT,873,45.0,49.0,-0.04
125342,67081,Gravis Marketing,2020-07-13,2020-07-13,2020,FL,529,53.0,43.0,0.1
125346,67084,Gravis Marketing,2020-07-07,2020-07-07,2020,TX,591,44.0,46.0,-0.02
125350,67087,Change Research,2020-07-10,2020-07-12,2020,AZ,345,51.0,45.0,0.06
125351,67088,Change Research,2020-07-10,2020-07-12,2020,FL,1128,50.0,43.0,0.07
125352,67089,Change Research,2020-07-10,2020-07-12,2020,MI,824,48.0,42.0,0.06
125353,67090,Change Research,2020-07-10,2020-07-12,2020,NC,655,47.0,46.0,0.01
125354,67091,Change Research,2020-07-10,2020-07-12,2020,PA,743,50.0,42.0,0.08
125355,67092,Change Research,2020-07-10,2020-07-12,2020,WI,601,48.0,42.0,0.06
125388,67101,Monmouth University,2020-07-09,2020-07-13,2020,PA,401,53.0,40.0,0.13
125415,67078,OH Predictive Insights,2020-07-06,2020-07-07,2020,AZ,600,49.0,44.0,0.05
125421,67116,Garin-Hart-Yang Research Group,2020-07-07,2020-07-12,2020,KY,800,41.0,53.0,-0.12
126431,67577,Alaska Survey Research,2020-06-23,2020-07-07,2020,AK,663,47.6,48.8,-0.011999999999999957
126433,67578,Gravis Marketing,2020-07-17,2020-07-17,2020,SC,604,46.0,50.0,-0.04
126435,67579,Public Policy Polling,2020-07-09,2020-07-10,2020,MI,1041,51.0,44.0,0.07
126453,67586,Cardinal Point Analytics (CardinalGPS),2020-07-13,2020-07-15,2020,NC,547,47.7,48.6,-0.008999999999999985
126456,67587,Trafalgar Group,2020-07-15,2020-07-18,2020,GA,1023,43.3,49.8,-0.065
126474,67599,Rasmussen Reports/Pulse Opinion Research,2020-07-15,2020-07-16,2020,OH,750,50.0,46.0,0.04
126475,67600,Rasmussen Reports/Pulse Opinion Research,2020-07-15,2020-07-16,2020,PA,750,51.0,46.0,0.05
126506,67614,Public Policy Polling,2020-07-17,2020-07-18,2020,AZ,960,49.0,45.0,0.04
126508,67616,Garin-Hart-Yang Research Group,2020-07-09,2020-07-15,2020,GA,800,47.0,43.0,0.04
126513,67617,Quinnipiac University,2020-07-16,2020-07-20,2020,TX,880,45.0,44.0,0.01
126521,67621,Spry Strategies,2020-07-11,2020-07-16,2020,AZ,700,49.43,44.59,0.048399999999999964
126522,67622,Spry Strategies,2020-07-11,2020-07-16,2020,GA,701,45.74,48.79,-0.03049999999999997
126523,67623,Spry Strategies,2020-07-11,2020-07-16,2020,IA,701,47.5,45.93,0.015700000000000002
126524,67624,Spry Strategies,2020-07-11,2020-07-16,2020,KY,700,33.57,60.29,-0.2672
126525,67625,Spry Strategies,2020-07-11,2020-07-16,2020,MI,700,45.36,49.58,-0.04219999999999999
126526,67626,Spry Strategies,2020-07-11,2020-07-16,2020,MT,701,41.9,51.69,-0.09789999999999999
126527,67627,Spry Strategies,2020-07-12,2020-07-16,2020,NC,700,45.52,48.96,-0.03439999999999998
126528,67628,Spry Strategies,2020-07-15,2020-07-20,2020,PA,700,47.02,47.76,-0.007399999999999949
126529,67629,Spry Strategies,2020-07-16,2020-07-20,2020,TX,750,44.76,49.45,-0.046900000000000046
126530,67630,Spry Strategies,2020-07-15,2020-07-20,2020,WI,700,46.3,45.37,0.009299999999999998
126540,67631,St. Pete Polls,2020-07-13,2020-07-14,2020,FL,3018,50.4,44.4,0.06
126545,67636,Quinnipiac University,2020-07-16,2020-07-20,2020,FL,924,51.0,38.0,0.13
126561,67645,Fox News/Beacon Research/Shaw & Co. Research,2020-07-18,2020-07-20,2020,MI,756,49.0,40.0,0.09
126562,67646,Fox News/Beacon Research/Shaw & Co. Research,2020-07-18,2020-07-20,2020,MN,776,51.0,38.0,0.13
126563,67647,Fox News/Beacon Research/Shaw & Co. Research,2020-07-18,2020-07-20,2020,PA,793,50.0,39.0,0.11
126606,67651,Gravis Marketing,2020-07-22,2020-07-22,2020,WI,796,50.0,42.0,0.08
126610,67655,Gravis Marketing,2020-07-22,2020-07-22,2020,MI,754,51.0,42.0,0.09
126662,67659,Gravis Marketing,2020-07-22,2020-07-24,2020,PA,1006,48.0,45.0,0.03
126664,67661,SSRS,2020-07-18,2020-07-24,2020,AZ,873,49.0,45.0,0.04
126665,67662,SSRS,2020-07-18,2020-07-24,2020,FL,880,51.0,46.0,0.05
126666,67663,SSRS,2020-07-18,2020-07-24,2020,MI,927,52.0,40.0,0.12
126670,67665,Marist College,2020-07-14,2020-07-22,2020,AZ,826,50.0,45.0,0.05
126677,67667,YouGov,2020-07-21,2020-07-24,2020,MI,1156,48.0,42.0,0.06
126678,67668,YouGov,2020-07-21,2020-07-24,2020,OH,1211,45.0,46.0,-0.01
126680,67669,Marist College,2020-07-14,2020-07-22,2020,NC,882,51.0,44.0,0.07
126709,67677,brilliant corners Research & Strategies,2020-07-13,2020-07-19,2020,SC,800,43.0,50.0,-0.07
126734,67680,Trafalgar Group,2020-07-23,2020-07-25,2020,MN,1129,49.2,44.2,0.05
126743,67684,ALG Research,2020-07-15,2020-07-20,2020,SC,591,45.0,50.0,-0.05
126749,67685,Morning Consult,2020-07-17,2020-07-26,2020,AZ,908,49.0,42.0,0.07
126750,67686,Morning Consult,2020-07-17,2020-07-26,2020,CO,616,52.0,39.0,0.13
126751,67687,Morning Consult,2020-07-17,2020-07-26,2020,FL,3760,49.0,46.0,0.03
126752,67688,Morning Consult,2020-07-17,2020-07-26,2020,GA,1337,47.0,46.0,0.01
126753,67689,Morning Consult,2020-07-17,2020-07-26,2020,MI,1320,52.0,42.0,0.1
126754,67690,Morning Consult,2020-07-17,2020-07-26,2020,MN,662,47.0,44.0,0.03
126755,67691,Morning Consult,2020-07-17,2020-07-26,2020,NC,1504,47.0,47.0,0.0
126756,67692,Morning Consult,2020-07-17,2020-07-26,2020,OH,1741,45.0,48.0,-0.03
126757,67693,Morning Consult,2020-07-17,2020-07-26,2020,PA,2092,50.0,42.0,0.08
126758,67694,Morning Consult,2020-07-17,2020-07-26,2020,TX,2685,47.0,45.0,0.02
126759,67695,Morning Consult,2020-07-17,2020-07-26,2020,VA,1156,52.0,41.0,0.11
126760,67696,Morning Consult,2020-07-17,2020-07-26,2020,WI,809,50.0,43.0,0.07
126861,67780,MassINC Polling Group,2020-07-17,2020-07-20,2020,MA,797,55.0,23.0,0.32
126865,67782,DKC Analytics,2020-07-07,2020-07-12,2020,NJ,500,51.2,33.4,0.17800000000000005
126866,67783,Public Policy Polling,2020-07-23,2020-07-24,2020,AK,885,44.0,50.0,-0.06
126867,67784,Public Policy Polling,2020-07-23,2020-07-24,2020,CO,891,54.0,41.0,0.13
126868,67785,Public Policy Polling,2020-07-23,2020-07-24,2020,GA,722,46.0,45.0,0.01
126869,67786,Public Policy Polling,2020-07-23,2020-07-24,2020,IA,1118,47.0,48.0,-0.01
126870,67787,Public Policy Polling,2020-07-23,2020-07-24,2020,ME,962,53.0,42.0,0.11
126871,67788,Public Policy Polling,2020-07-23,2020-07-24,2020,MT,917,45.0,50.0,-0.05
126872,67789,Public Policy Polling,2020-07-23,2020-07-24,2020,NC,884,49.0,46.0,0.03
126874,67790,Colby College,2020-07-18,2020-07-24,2020,ME,888,50.0,38.0,0.12
126879,67793,Morning Consult,2020-05-17,2020-05-26,2020,AZ,784,45.0,47.0,-0.02
126880,67794,Morning Consult,2020-05-17,2020-05-26,2020,CO,572,50.0,42.0,0.08
126881,67795,Morning Consult,2020-05-17,2020-05-26,2020,FL,3593,47.0,48.0,-0.01
126882,67796,Morning Consult,2020-05-17,2020-05-26,2020,GA,1396,47.0,49.0,-0.02
126883,67797,Morning Consult,2020-05-17,2020-05-26,2020,MI,1325,50.0,42.0,0.08
126884,67798,Morning Consult,2020-05-17,2020-05-26,2020,MN,647,49.0,42.0,0.07
126885,67799,Morning Consult,2020-05-17,2020-05-26,2020,NC,1403,46.0,49.0,-0.03
126886,67800,Morning Consult,2020-05-17,2020-05-26,2020,OH,1720,42.0,50.0,-0.08
126887,67801,Morning Consult,2020-05-17,2020-05-26,2020,PA,2120,48.0,44.0,0.04
126888,67802,Morning Consult,2020-05-17,2020-05-26,2020,TX,2551,43.0,50.0,-0.07
126889,67803,Morning Consult,2020-05-17,2020-05-26,2020,VA,1148,52.0,42.0,0.1
126890,67804,Morning Consult,2020-05-17,2020-05-26,2020,WI,740,49.0,44.0,0.05
126894,67806,SurveyUSA,2020-07-22,2020-07-27,2020,WA,534,62.0,28.0,0.34
126902,67808,Change Research,2020-07-24,2020-07-26,2020,AZ,365,47.0,45.0,0.02
126903,67809,Change Research,2020-07-24,2020-07-26,2020,FL,685,48.0,45.0,0.03
126904,67810,Change Research,2020-07-24,2020-07-26,2020,MI,413,46.0,42.0,0.04
126905,67811,Change Research,2020-07-24,2020-07-26,2020,NC,284,49.0,46.0,0.03
126906,67812,Change Research,2020-07-24,2020-07-26,2020,PA,382,48.0,46.0,0.02
126907,67813,Change Research,2020-07-24,2020-07-26,2020,WI,392,48.0,43.0,0.05
126935,67821,Monmouth University,2020-07-23,2020-07-27,2020,GA,402,47.0,47.0,0.0
126964,67831,TargetPoint,2020-06-11,2020-06-16,2020,MI,1000,49.0,33.0,0.16
126974,67833,Mason-Dixon Polling & Strategy,2020-07-20,2020-07-23,2020,FL,625,50.0,46.0,0.04
126975,67834,Cardinal Point Analytics (CardinalGPS),2020-07-22,2020-07-24,2020,NC,735,46.8,48.4,-0.016000000000000014
126979,67836,Franklin & Marshall College,2020-07-20,2020-07-26,2020,PA,667,50.0,41.0,0.09
126982,67838,Redfield & Wilton Strategies,2020-07-19,2020-07-23,2020,AZ,858,46.0,38.0,0.08
126983,67839,Redfield & Wilton Strategies,2020-07-19,2020-07-21,2020,NC,919,43.0,42.0,0.01
126984,67840,Redfield & Wilton Strategies,2020-07-19,2020-07-21,2020,FL,1121,48.0,41.0,0.07
126985,67841,Redfield & Wilton Strategies,2020-07-19,2020-07-21,2020,PA,1016,48.0,41.0,0.07
126986,67842,Redfield & Wilton Strategies,2020-07-19,2020-07-24,2020,MI,811,49.0,37.0,0.12
126987,67843,Redfield & Wilton Strategies,2020-07-19,2020-07-24,2020,WI,742,45.0,35.0,0.1
126992,67844,Virginia Commonwealth University,2020-07-11,2020-07-19,2020,VA,725,50.0,39.0,0.11
126998,67827,University of New Hampshire,2020-07-16,2020-07-28,2020,NH,1893,53.0,40.0,0.13
126999,67828,University of New Hampshire,2020-06-18,2020-06-22,2020,NH,936,52.0,39.0,0.13
127000,67829,University of New Hampshire,2020-05-14,2020-05-18,2020,NH,790,44.0,46.0,-0.02
127015,67851,Public Policy Polling,2020-07-22,2020-07-23,2020,MN,1218,52.0,42.0,0.1
127044,67859,YouGov,2020-07-28,2020-07-31,2020,NC,1129,48.0,44.0,0.04
127045,67860,YouGov,2020-07-28,2020-07-31,2020,GA,1109,46.0,45.0,0.01
127048,67861,Center for Marketing and Opinion Research/University of Akron,2020-06-24,2020-07-15,2020,OH,1037,45.9,41.7,0.041999999999999954
127062,67867,Emerson College,2020-07-31,2020-08-02,2020,MT,584,45.51,54.49,-0.08980000000000005
127068,67869,Global Strategy Group,2020-07-11,2020-07-17,2020,WI,600,51.0,42.0,0.09
127081,67875,Public Policy Polling,2020-07-28,2020-07-29,2020,MI,876,49.0,43.0,0.06
127089,67879,Morning Consult,2020-07-24,2020-08-02,2020,AL,609,36.0,58.0,-0.22
127090,67880,Morning Consult,2020-07-24,2020-08-02,2020,KY,793,35.0,59.0,-0.24
127091,67881,Morning Consult,2020-07-24,2020-08-02,2020,SC,741,44.0,49.0,-0.05
127092,67882,Morning Consult,2020-07-24,2020-08-02,2020,TX,2576,47.0,46.0,0.01
127106,67892,"University of California, Berkeley",2020-07-21,2020-07-27,2020,CA,6756,67.0,28.0,0.39
127129,67906,Hodas & Associates,2020-07-13,2020-07-16,2020,MI,600,52.5,40.5,0.12
127130,67907,Hodas & Associates,2020-07-17,2020-07-22,2020,PA,600,50.83,44.67,0.06159999999999997
127131,67908,Hodas & Associates,2020-07-22,2020-07-27,2020,WI,600,52.1,37.9,0.14200000000000002
127137,67911,MRG Research,2020-07-27,2020-07-30,2020,HI,975,56.0,29.0,0.27
127140,67914,Zogby Interactive/JZ Analytics,2020-07-21,2020-07-23,2020,FL,811,43.0,43.0,0.0
127141,67915,Zogby Interactive/JZ Analytics,2020-07-21,2020-07-23,2020,OH,805,43.0,41.0,0.02
127142,67916,Zogby Interactive/JZ Analytics,2020-07-21,2020-07-23,2020,PA,809,44.0,43.0,0.01
127143,67917,Zogby Interactive/JZ Analytics,2020-07-21,2020-07-23,2020,NC,809,44.0,40.0,0.04
127154,67920,Monmouth University,2020-07-30,2020-08-03,2020,IA,401,45.0,48.0,-0.03
127171,66252,Marquette University Law School,2020-05-03,2020-05-07,2020,WI,650,49.0,45.0,0.04
127172,66886,Marquette University Law School,2020-06-14,2020-06-18,2020,WI,686,52.0,44.0,0.08
127178,67928,Bluegrass Voters Coalition,2020-07-25,2020-07-29,2020,KY,3020,45.0,52.0,-0.07
127180,67929,Morning Consult,2020-07-24,2020-08-02,2020,IN,900,38.0,55.0,-0.17
127182,67931,Bluegrass Voters Coalition,2020-04-07,2020-04-12,2020,KY,4000,34.0,55.0,-0.21
127186,67934,Data for Progress,2020-07-24,2020-08-02,2020,AZ,1215,45.0,43.0,0.02
127188,67935,Data for Progress,2020-07-24,2020-08-02,2020,IA,1101,42.0,44.0,-0.02
127190,67936,Data for Progress,2020-07-24,2020-08-02,2020,ME,866,49.0,42.0,0.07
127192,67937,Data for Progress,2020-07-24,2020-08-02,2020,NC,1170,46.0,44.0,0.02
127200,67940,DFM Research,2020-07-29,2020-07-30,2020,OK,572,36.0,56.0,-0.2
127215,67942,David Binder Research,2020-07-30,2020-07-31,2020,IA,200,49.0,43.0,0.06
127216,67943,David Binder Research,2020-07-30,2020-07-31,2020,MI,200,51.0,41.0,0.1
127217,67944,David Binder Research,2020-07-30,2020-07-31,2020,MN,200,54.0,36.0,0.18
127218,67945,David Binder Research,2020-07-30,2020-07-31,2020,WI,200,53.0,42.0,0.11
127221,67947,Quinnipiac University,2020-07-30,2020-08-03,2020,KY,909,41.0,50.0,-0.09
127222,67948,Quinnipiac University,2020-07-30,2020-08-03,2020,ME,807,52.0,37.0,0.15
127225,67951,Quinnipiac University,2020-07-30,2020-08-03,2020,SC,914,42.0,47.0,-0.05
127237,67954,RMG Research,2020-07-27,2020-07-30,2020,IA,500,40.0,41.0,-0.01
127241,67870,RMG Research,2020-07-27,2020-08-01,2020,UT,1000,31.0,50.0,-0.19
127242,67955,EPIC-MRA,2020-07-25,2020-07-30,2020,MI,600,51.0,40.0,0.11
127247,67956,Public Policy Polling,2020-08-05,2020-08-06,2020,KS,864,43.0,50.0,-0.07
127253,67958,Trafalgar Group,2020-08-01,2020-08-05,2020,TX,1015,43.4,49.4,-0.06
127266,67962,YouGov,2020-08-04,2020-08-07,2020,PA,1211,49.0,43.0,0.06
127267,67963,YouGov,2020-08-04,2020-08-07,2020,WI,994,48.0,42.0,0.06
127272,67968,YouGov,2020-07-27,2020-08-06,2020,MI,761,47.0,43.0,0.04
127273,67969,YouGov,2020-07-27,2020-08-06,2020,PA,742,50.0,41.0,0.09
127274,67970,YouGov,2020-07-27,2020-08-06,2020,WI,734,49.0,43.0,0.06
127277,67973,OH Predictive Insights,2020-08-03,2020-08-04,2020,AZ,603,49.0,45.0,0.04
127290,67978,RMG Research,2020-07-27,2020-08-02,2020,ME,500,50.0,39.0,0.11
127296,67981,Trafalgar Group,2020-08-05,2020-08-08,2020,AZ,1013,44.8,46.2,-0.014000000000000058
127297,67982,HIT Strategies,2020-07-23,2020-07-31,2020,GA,400,44.0,40.0,0.04
127298,67983,HIT Strategies,2020-07-23,2020-07-31,2020,NC,400,47.0,37.0,0.1
127302,67984,Rasmussen Reports/Pulse Opinion Research,2020-08-06,2020-08-07,2020,NC,750,47.26,48.36,-0.011000000000000015
127305,67985,Public Policy Polling,2020-07-30,2020-07-31,2020,NC,934,49.0,46.0,0.03
127318,67996,SurveyUSA,2020-08-06,2020-08-08,2020,GA,623,46.0,44.0,0.02
127325,67998,Emerson College,2020-08-08,2020-08-10,2020,MN,733,51.0,49.0,0.02
127332,68000,Marquette University Law School,2020-08-04,2020-08-09,2020,WI,694,50.0,46.0,0.04
127352,68005,Emerson College,2020-08-08,2020-08-10,2020,AZ,661,53.3,46.7,0.06599999999999995
127353,68006,Emerson College,2020-08-08,2020-08-10,2020,NC,673,49.41,50.59,-0.011800000000000067
127354,68007,Emerson College,2020-08-08,2020-08-10,2020,PA,843,53.31,46.69,0.06620000000000005
127359,68009,MassINC Polling Group,2020-08-06,2020-08-09,2020,MA,501,63.0,27.0,0.36
127362,68011,Change Research,2020-08-07,2020-08-09,2020,AZ,428,45.0,44.0,0.01
127363,68012,Change Research,2020-08-07,2020-08-09,2020,FL,469,50.0,44.0,0.06
127364,68013,Change Research,2020-08-07,2020-08-09,2020,MI,413,48.0,43.0,0.05
127365,68014,Change Research,2020-08-07,2020-08-09,2020,NC,491,47.0,48.0,-0.01
127366,68015,Change Research,2020-08-07,2020-08-09,2020,PA,456,48.0,44.0,0.04
127367,68016,Change Research,2020-08-07,2020-08-09,2020,WI,384,47.0,43.0,0.04
127392,68001,Critical Insights,2020-07-28,2020-08-09,2020,ME,453,45.0,38.0,0.07
127405,68032,SurveyUSA,2020-08-05,2020-08-09,2020,KS,1202,41.0,48.0,-0.07
127419,68037,Rasmussen Reports/Pulse Opinion Research,2020-08-05,2020-08-06,2020,WI,750,55.17,42.56,0.1261
127425,68040,SurveyUSA,2020-08-12,2020-08-12,2020,CA,500,56.0,28.0,0.28
127435,68045,Garin-Hart-Yang Research Group,2020-07-30,2020-08-09,2020,MS,600,43.0,53.0,-0.1
127443,68051,Harper Polling,2020-08-06,2020-08-10,2020,NC,600,45.0,44.0,0.01
127485,68064,YouGov,2020-07-31,2020-08-07,2020,MA,500,61.0,28.0,0.33
127490,68068,Redfield & Wilton Strategies,2020-08-09,2020-08-09,2020,CA,1904,61.0,25.0,0.36
127497,68073,SurveyUSA,2020-05-19,2020-05-24,2020,CT,808,52.0,32.0,0.2
127504,68076,East Carolina University,2020-08-12,2020-08-13,2020,NC,1255,46.5,46.9,-0.003999999999999986
127526,68082,YouGov,2020-08-04,2020-08-13,2020,TX,846,40.5,47.5,-0.07
127540,68087,Landmark Communications,2020-08-14,2020-08-15,2020,GA,500,44.5,47.4,-0.028999999999999984
127548,68089,Morning Consult,2020-08-07,2020-08-16,2020,WI,788,49.0,43.0,0.06
127576,68112,GQR Research (GQRR),2020-07-30,2020-08-04,2020,MI,500,52.0,43.0,0.09
127577,68113,OnMessage Inc.,2020-08-02,2020-08-04,2020,AZ,400,48.0,51.0,-0.03
127578,68114,OnMessage Inc.,2020-08-02,2020-08-04,2020,FL,400,49.0,49.0,0.0
127579,68115,OnMessage Inc.,2020-08-02,2020-08-04,2020,PA,400,50.0,46.0,0.04
127580,68116,OnMessage Inc.,2020-08-02,2020-08-04,2020,WI,400,47.0,47.0,0.0
127601,68124,ALG Research,2020-08-06,2020-08-12,2020,LA,800,43.0,50.0,-0.07
127613,68130,Trafalgar Group,2020-08-15,2020-08-18,2020,MN,1141,46.9,46.5,0.003999999999999986
127630,68137,Global Strategy Group,2020-08-11,2020-08-13,2020,TX,700,47.0,45.0,0.02
127631,68138,Muhlenberg College,2020-08-11,2020-08-17,2020,PA,416,49.0,45.0,0.04
127636,68141,Saint Anselm College,2020-08-15,2020-08-17,2020,NH,1042,51.0,43.0,0.08
127641,68144,DKC Analytics,2020-08-05,2020-08-13,2020,NJ,500,52.0,33.0,0.19
127643,68146,Civiqs,2020-08-13,2020-08-17,2020,MI,631,49.0,46.0,0.03
127644,68147,Civiqs,2020-08-13,2020-08-17,2020,OH,637,47.0,47.0,0.0
127645,68148,Civiqs,2020-08-13,2020-08-17,2020,PA,617,51.0,44.0,0.07
127646,68149,Civiqs,2020-08-13,2020-08-17,2020,WI,754,51.0,45.0,0.06
127654,68153,Redfield & Wilton Strategies,2020-08-16,2020-08-18,2020,AZ,856,47.0,38.0,0.09
127655,68154,Redfield & Wilton Strategies,2020-08-16,2020-08-16,2020,FL,1280,49.0,41.0,0.08
127656,68155,Redfield & Wilton Strategies,2020-08-16,2020-08-18,2020,MI,812,50.0,38.0,0.12
127657,68156,Redfield & Wilton Strategies,2020-08-16,2020-08-17,2020,NC,967,44.0,46.0,-0.02
127658,68157,Redfield & Wilton Strategies,2020-08-16,2020-08-17,2020,PA,1006,48.0,41.0,0.07
127659,68158,Redfield & Wilton Strategies,2020-08-16,2020-08-19,2020,WI,672,49.0,39.0,0.1
127682,68169,TargetSmart/William & Mary,2020-07-28,2020-08-03,2020,OH,1249,47.0,46.0,0.01
127692,68174,Trafalgar Group,2020-08-13,2020-08-17,2020,LA,1002,37.9,54.3,-0.16399999999999998
127694,68176,Public Policy Polling,2020-08-21,2020-08-22,2020,TX,764,48.0,47.0,0.01
127696,68178,Morning Consult,2020-08-14,2020-08-23,2020,NC,1541,49.0,46.0,0.03
127713,68191,Public Policy Polling,2020-08-21,2020-08-22,2020,NY,1029,63.0,32.0,0.31
127714,68192,Public Policy Polling,2020-08-21,2020-08-22,2020,FL,671,48.0,44.0,0.04
127716,68194,Public Policy Polling,2020-08-21,2020-08-22,2020,DE,710,58.0,37.0,0.21
127738,68202,Trafalgar Group,2020-08-14,2020-08-23,2020,WI,1011,45.4,46.2,-0.008000000000000042
127741,68204,Change Research,2020-08-21,2020-08-23,2020,AZ,344,49.0,47.0,0.02
127742,68205,Change Research,2020-08-21,2020-08-23,2020,FL,1262,49.0,46.0,0.03
127743,68206,Change Research,2020-08-21,2020-08-23,2020,MI,809,50.0,44.0,0.06
127744,68207,Change Research,2020-08-21,2020-08-23,2020,NC,560,48.0,47.0,0.01
127745,68208,Change Research,2020-08-21,2020-08-23,2020,PA,984,49.0,46.0,0.03
127746,68209,Change Research,2020-08-21,2020-08-23,2020,WI,925,49.0,44.0,0.05
127754,68212,Roanoke College,2020-08-09,2020-08-22,2020,VA,566,53.0,39.0,0.14
127781,68221,Franklin & Marshall College,2020-08-17,2020-08-23,2020,PA,681,49.0,42.0,0.07
127826,68238,Trafalgar Group,2020-08-14,2020-08-23,2020,MI,1048,45.2,46.6,-0.013999999999999986
127831,68240,Emerson College,2020-08-25,2020-08-27,2020,MA,763,69.44,30.56,0.3888
127867,68258,Trafalgar Group,2020-08-26,2020-08-28,2020,MO,1015,41.2,51.9,-0.10699999999999996
127869,68259,GQR Research (GQRR),2020-08-20,2020-08-24,2020,PA,500,52.0,43.0,0.09
127875,68263,Public Policy Polling,2020-08-24,2020-08-25,2020,GA,782,47.0,46.0,0.01
127876,68264,Global Strategy Group,2020-08-13,2020-08-19,2020,PA,801,50.0,42.0,0.08
127898,68277,Morning Consult,2020-08-07,2020-08-16,2020,AZ,947,45.0,47.0,-0.02
127899,68278,Morning Consult,2020-08-07,2020-08-16,2020,GA,1265,46.0,47.0,-0.01
127900,68279,Morning Consult,2020-08-07,2020-08-16,2020,MI,1212,50.0,44.0,0.06
127901,68280,Morning Consult,2020-08-07,2020-08-16,2020,CO,601,51.0,41.0,0.1
127902,68281,Morning Consult,2020-08-07,2020-08-16,2020,TX,2559,46.0,47.0,-0.01
127903,68282,Morning Consult,2020-08-07,2020-08-16,2020,MN,615,50.0,42.0,0.08
127904,68283,Morning Consult,2020-08-07,2020-08-16,2020,OH,1744,45.0,49.0,-0.04
127905,68284,Morning Consult,2020-08-07,2020-08-16,2020,NC,1493,49.0,46.0,0.03
127906,68285,Morning Consult,2020-08-07,2020-08-16,2020,PA,1777,50.0,44.0,0.06
127907,68286,Morning Consult,2020-08-07,2020-08-16,2020,FL,3484,50.0,45.0,0.05
127908,68287,Morning Consult,2020-08-21,2020-08-30,2020,AZ,943,52.0,42.0,0.1
127909,68288,Morning Consult,2020-08-21,2020-08-30,2020,GA,1392,49.0,46.0,0.03
127910,68289,Morning Consult,2020-08-21,2020-08-30,2020,MI,1424,52.0,42.0,0.1
127911,68290,Morning Consult,2020-08-21,2020-08-30,2020,WI,811,52.0,43.0,0.09
127912,68291,Morning Consult,2020-08-21,2020-08-30,2020,CO,638,51.0,41.0,0.1
127913,68292,Morning Consult,2020-08-21,2020-08-30,2020,TX,2632,47.0,48.0,-0.01
127914,68293,Morning Consult,2020-08-21,2020-08-30,2020,MN,647,50.0,43.0,0.07
127915,68294,Morning Consult,2020-08-21,2020-08-30,2020,OH,1811,45.0,50.0,-0.05
127916,68295,Morning Consult,2020-08-21,2020-08-30,2020,NC,1567,49.0,47.0,0.02
127917,68296,Morning Consult,2020-08-21,2020-08-30,2020,PA,2158,49.0,45.0,0.04
127918,68297,Morning Consult,2020-08-21,2020-08-30,2020,FL,3790,49.0,47.0,0.02
127924,68302,"University of Nevada, Las Vegas",2020-08-20,2020-08-30,2020,NV,682,44.0,38.6,0.053999999999999986
127927,68304,Expedition Strategies,2020-08-22,2020-08-27,2020,MT,400,44.0,48.0,-0.04
127930,68306,Public Policy Polling,2020-08-28,2020-08-29,2020,MI,897,48.0,44.0,0.04
127932,68307,East Carolina University,2020-08-29,2020-08-30,2020,NC,1101,46.6,48.7,-0.021000000000000015
127936,68308,Landmark Communications,2020-08-29,2020-08-31,2020,GA,500,40.5,47.9,-0.07399999999999998
127965,68319,Monmouth University,2020-08-28,2020-08-31,2020,PA,400,49.0,46.0,0.03
127985,68324,Opinium,2020-08-21,2020-08-26,2020,FL,684,50.4,43.1,0.07299999999999997
127986,68325,Opinium,2020-08-21,2020-08-28,2020,WI,700,53.45,39.99,0.1346
128017,68338,Fox News/Beacon Research/Shaw & Co. Research,2020-08-29,2020-09-01,2020,AZ,772,49.0,40.0,0.09
128019,68339,Fox News/Beacon Research/Shaw & Co. Research,2020-08-29,2020-09-01,2020,NC,722,50.0,46.0,0.04
128021,68340,Fox News/Beacon Research/Shaw & Co. Research,2020-08-29,2020-09-01,2020,WI,801,50.0,42.0,0.08
128028,68342,Morning Consult,2020-04-26,2020-05-05,2020,WI,797,49.0,43.0,0.06
128029,68343,Morning Consult,2020-04-27,2020-05-06,2020,WI,797,48.0,43.0,0.05
128030,68344,Morning Consult,2020-04-28,2020-05-07,2020,WI,797,48.0,44.0,0.04
128031,68345,Morning Consult,2020-04-29,2020-05-08,2020,WI,797,48.0,43.0,0.05
128032,68346,Morning Consult,2020-04-30,2020-05-09,2020,WI,797,47.0,45.0,0.02
128033,68347,Morning Consult,2020-05-01,2020-05-10,2020,WI,797,47.0,45.0,0.02
128034,68348,Morning Consult,2020-05-02,2020-05-11,2020,WI,797,47.0,45.0,0.02
128035,68349,Morning Consult,2020-05-03,2020-05-12,2020,WI,797,47.0,44.0,0.03
128036,68350,Morning Consult,2020-05-04,2020-05-13,2020,WI,797,47.0,44.0,0.03
128037,68351,Morning Consult,2020-05-05,2020-05-14,2020,WI,797,49.0,43.0,0.06
128038,68352,Morning Consult,2020-05-06,2020-05-15,2020,WI,797,49.0,42.0,0.07
128039,68353,Morning Consult,2020-05-07,2020-05-16,2020,WI,797,49.0,43.0,0.06
128040,68354,Morning Consult,2020-05-08,2020-05-17,2020,WI,797,48.0,43.0,0.05
128041,68355,Morning Consult,2020-05-09,2020-05-18,2020,WI,797,47.0,44.0,0.03
128042,68356,Morning Consult,2020-05-10,2020-05-19,2020,WI,797,48.0,43.0,0.05
128043,68357,Morning Consult,2020-05-11,2020-05-20,2020,WI,797,48.0,43.0,0.05
128044,68358,Morning Consult,2020-05-12,2020-05-21,2020,WI,797,48.0,42.0,0.06
128045,68359,Morning Consult,2020-05-13,2020-05-22,2020,WI,797,48.0,43.0,0.05
128046,68360,Morning Consult,2020-05-14,2020-05-23,2020,WI,797,49.0,43.0,0.06
128047,68361,Morning Consult,2020-05-15,2020-05-24,2020,WI,797,48.0,44.0,0.04
128048,68362,Morning Consult,2020-05-16,2020-05-25,2020,WI,797,48.0,44.0,0.04
128049,68363,Morning Consult,2020-05-18,2020-05-27,2020,WI,797,49.0,44.0,0.05
128050,68364,Morning Consult,2020-05-19,2020-05-28,2020,WI,797,50.0,43.0,0.07
128051,68365,Morning Consult,2020-05-20,2020-05-29,2020,WI,797,50.0,42.0,0.08
128052,68366,Morning Consult,2020-05-21,2020-05-30,2020,WI,797,49.0,43.0,0.06
128053,68367,Morning Consult,2020-05-22,2020-05-31,2020,WI,797,48.0,44.0,0.04
128054,68368,Morning Consult,2020-05-23,2020-06-01,2020,WI,797,48.0,44.0,0.04
128055,68369,Morning Consult,2020-05-24,2020-06-02,2020,WI,797,48.0,44.0,0.04
128056,68370,Morning Consult,2020-05-25,2020-06-03,2020,WI,797,49.0,44.0,0.05
128057,68371,Morning Consult,2020-05-26,2020-06-04,2020,WI,797,48.0,44.0,0.04
128058,68372,Morning Consult,2020-05-27,2020-06-05,2020,WI,797,48.0,44.0,0.04
128059,68373,Morning Consult,2020-05-28,2020-06-06,2020,WI,797,48.0,43.0,0.05
128060,68374,Morning Consult,2020-05-29,2020-06-07,2020,WI,797,49.0,43.0,0.06
128061,68375,Morning Consult,2020-05-30,2020-06-08,2020,WI,797,49.0,43.0,0.06
128062,68376,Morning Consult,2020-05-31,2020-06-09,2020,WI,797,49.0,43.0,0.06
128063,68377,Morning Consult,2020-06-01,2020-06-10,2020,WI,797,49.0,44.0,0.05
128064,68378,Morning Consult,2020-06-02,2020-06-11,2020,WI,797,49.0,44.0,0.05
128065,68379,Morning Consult,2020-06-03,2020-06-12,2020,WI,797,49.0,44.0,0.05
128066,68380,Morning Consult,2020-06-04,2020-06-13,2020,WI,797,49.0,44.0,0.05
128067,68381,Morning Consult,2020-06-05,2020-06-14,2020,WI,797,49.0,44.0,0.05
128068,68382,Morning Consult,2020-06-06,2020-06-15,2020,WI,797,49.0,44.0,0.05
128069,68383,Morning Consult,2020-06-07,2020-06-16,2020,WI,797,49.0,44.0,0.05
128070,68384,Morning Consult,2020-06-08,2020-06-17,2020,WI,797,48.0,45.0,0.03
128071,68385,Morning Consult,2020-06-09,2020-06-18,2020,WI,797,48.0,45.0,0.03
128072,68386,Morning Consult,2020-06-10,2020-06-19,2020,WI,797,48.0,45.0,0.03
128073,68387,Morning Consult,2020-06-11,2020-06-20,2020,WI,797,48.0,45.0,0.03
128074,68388,Morning Consult,2020-06-12,2020-06-21,2020,WI,797,49.0,44.0,0.05
128075,68389,Morning Consult,2020-06-13,2020-06-22,2020,WI,797,49.0,45.0,0.04
128076,68390,Morning Consult,2020-06-14,2020-06-23,2020,WI,797,49.0,45.0,0.04
128077,68391,Morning Consult,2020-06-15,2020-06-24,2020,WI,797,50.0,44.0,0.06
128078,68392,Morning Consult,2020-06-16,2020-06-25,2020,WI,797,49.0,45.0,0.04
128079,68393,Morning Consult,2020-06-17,2020-06-26,2020,WI,797,48.0,45.0,0.03
128080,68394,Morning Consult,2020-06-18,2020-06-27,2020,WI,797,49.0,45.0,0.04
128081,68395,Morning Consult,2020-06-19,2020-06-28,2020,WI,797,49.0,45.0,0.04
128082,68396,Morning Consult,2020-06-20,2020-06-29,2020,WI,797,48.0,46.0,0.02
128083,68397,Morning Consult,2020-06-21,2020-06-30,2020,WI,797,49.0,45.0,0.04
128084,68398,Morning Consult,2020-06-22,2020-07-01,2020,WI,797,49.0,44.0,0.05
128085,68399,Morning Consult,2020-06-23,2020-07-02,2020,WI,797,50.0,44.0,0.06
128086,68400,Morning Consult,2020-06-24,2020-07-03,2020,WI,797,50.0,44.0,0.06
128087,68401,Morning Consult,2020-06-25,2020-07-04,2020,WI,797,50.0,44.0,0.06
128088,68402,Morning Consult,2020-06-26,2020-07-05,2020,WI,797,51.0,43.0,0.08
128089,68403,Morning Consult,2020-06-27,2020-07-06,2020,WI,797,50.0,42.0,0.08
128090,68404,Morning Consult,2020-06-28,2020-07-07,2020,WI,797,51.0,41.0,0.1
128091,68405,Morning Consult,2020-06-29,2020-07-08,2020,WI,797,51.0,41.0,0.1
128092,68406,Morning Consult,2020-06-30,2020-07-09,2020,WI,797,50.0,40.0,0.1
128093,68407,Morning Consult,2020-07-01,2020-07-10,2020,WI,797,51.0,40.0,0.11
128094,68408,Morning Consult,2020-07-02,2020-07-11,2020,WI,797,50.0,40.0,0.1
128095,68409,Morning Consult,2020-07-03,2020-07-12,2020,WI,797,50.0,41.0,0.09
128096,68410,Morning Consult,2020-07-04,2020-07-13,2020,WI,797,50.0,41.0,0.09
128097,68411,Morning Consult,2020-07-05,2020-07-14,2020,WI,797,50.0,41.0,0.09
128098,68412,Morning Consult,2020-07-06,2020-07-15,2020,WI,797,49.0,42.0,0.07
128099,68413,Morning Consult,2020-07-07,2020-07-16,2020,WI,797,49.0,42.0,0.07
128100,68414,Morning Consult,2020-07-08,2020-07-17,2020,WI,797,48.0,44.0,0.04
128101,68415,Morning Consult,2020-07-09,2020-07-18,2020,WI,797,49.0,43.0,0.06
128102,68416,Morning Consult,2020-07-10,2020-07-19,2020,WI,797,48.0,45.0,0.03
128103,68417,Morning Consult,2020-07-11,2020-07-20,2020,WI,797,48.0,46.0,0.02
128104,68418,Morning Consult,2020-07-12,2020-07-21,2020,WI,797,48.0,45.0,0.03
128105,68419,Morning Consult,2020-07-13,2020-07-22,2020,WI,797,47.0,45.0,0.02
128106,68420,Morning Consult,2020-07-14,2020-07-23,2020,WI,797,48.0,44.0,0.04
128107,68421,Morning Consult,2020-07-15,2020-07-24,2020,WI,797,49.0,44.0,0.05
128108,68422,Morning Consult,2020-07-16,2020-07-25,2020,WI,797,49.0,43.0,0.06
128109,68423,Morning Consult,2020-07-18,2020-07-27,2020,WI,797,50.0,43.0,0.07
128110,68424,Morning Consult,2020-07-19,2020-07-28,2020,WI,797,50.0,42.0,0.08
128111,68425,Morning Consult,2020-07-20,2020-07-29,2020,WI,797,50.0,41.0,0.09
128112,68426,Morning Consult,2020-07-21,2020-07-30,2020,WI,797,51.0,42.0,0.09
128113,68427,Morning Consult,2020-07-22,2020-07-31,2020,WI,797,50.0,42.0,0.08
128114,68428,Morning Consult,2020-07-23,2020-08-01,2020,WI,797,51.0,42.0,0.09
128115,68429,Morning Consult,2020-07-24,2020-08-02,2020,WI,797,52.0,41.0,0.11
128116,68430,Morning Consult,2020-07-25,2020-08-03,2020,WI,797,51.0,41.0,0.1
128117,68431,Morning Consult,2020-07-26,2020-08-04,2020,WI,797,51.0,41.0,0.1
128118,68432,Morning Consult,2020-07-27,2020-08-05,2020,WI,797,51.0,41.0,0.1
128119,68433,Morning Consult,2020-07-28,2020-08-06,2020,WI,797,51.0,41.0,0.1
128120,68434,Morning Consult,2020-07-29,2020-08-07,2020,WI,797,51.0,42.0,0.09
128121,68435,Morning Consult,2020-07-30,2020-08-08,2020,WI,797,51.0,43.0,0.08
128122,68436,Morning Consult,2020-07-31,2020-08-09,2020,WI,797,50.0,43.0,0.07
128123,68437,Morning Consult,2020-08-01,2020-08-10,2020,WI,797,50.0,43.0,0.07
128124,68438,Morning Consult,2020-08-02,2020-08-11,2020,WI,797,50.0,42.0,0.08
128125,68439,Morning Consult,2020-08-03,2020-08-12,2020,WI,797,50.0,42.0,0.08
128126,68440,Morning Consult,2020-08-04,2020-08-13,2020,WI,797,50.0,43.0,0.07
128127,68441,Morning Consult,2020-08-05,2020-08-14,2020,WI,797,50.0,43.0,0.07
128128,68442,Morning Consult,2020-08-06,2020-08-15,2020,WI,797,50.0,43.0,0.07
128129,68443,Morning Consult,2020-08-08,2020-08-17,2020,WI,797,48.0,45.0,0.03
128130,68444,Morning Consult,2020-08-09,2020-08-18,2020,WI,797,50.0,43.0,0.07
128131,68445,Morning Consult,2020-08-10,2020-08-19,2020,WI,797,51.0,42.0,0.09
128132,68446,Morning Consult,2020-08-11,2020-08-20,2020,WI,797,51.0,43.0,0.08
128133,68447,Morning Consult,2020-08-12,2020-08-21,2020,WI,797,50.0,43.0,0.07
128134,68448,Morning Consult,2020-08-13,2020-08-22,2020,WI,797,50.0,44.0,0.06
128135,68449,Morning Consult,2020-08-14,2020-08-23,2020,WI,797,51.0,43.0,0.08
128136,68450,Morning Consult,2020-08-15,2020-08-24,2020,WI,797,50.0,43.0,0.07
128137,68451,Morning Consult,2020-08-16,2020-08-25,2020,WI,797,51.0,42.0,0.09
128138,68452,Morning Consult,2020-08-17,2020-08-26,2020,WI,797,52.0,42.0,0.1
128139,68453,Morning Consult,2020-08-18,2020-08-27,2020,WI,797,52.0,42.0,0.1
128140,68454,Morning Consult,2020-08-19,2020-08-28,2020,WI,797,51.0,42.0,0.09
128141,68455,Morning Consult,2020-08-20,2020-08-29,2020,WI,797,51.0,43.0,0.08
128142,68456,Morning Consult,2020-08-22,2020-08-31,2020,WI,819,53.0,42.0,0.11
128143,68457,Morning Consult,2020-08-23,2020-09-01,2020,WI,809,52.0,42.0,0.1
128148,68460,Harper Polling,2020-08-30,2020-09-01,2020,MN,501,48.0,45.0,0.03
128152,68461,Rasmussen Reports/Pulse Opinion Research,2020-08-25,2020-08-27,2020,PA,1000,47.82,48.15,-0.003299999999999983
128156,68464,Monmouth University,2020-08-29,2020-09-01,2020,NC,401,48.0,46.0,0.02
128166,68465,Quinnipiac University,2020-08-28,2020-09-01,2020,FL,1235,48.0,45.0,0.03
128167,68466,Quinnipiac University,2020-08-28,2020-09-01,2020,PA,1107,52.0,44.0,0.08
128182,68471,Morning Consult,2020-08-24,2020-09-02,2020,WI,810,52.0,42.0,0.1
128189,68473,Harper Polling,2020-05-26,2020-05-28,2020,MN,510,50.0,42.0,0.08
128191,68474,Trafalgar Group,2020-09-01,2020-09-03,2020,FL,1022,45.6,48.7,-0.031000000000000014
128198,68480,Data for Progress,2020-08-20,2020-08-25,2020,TX,2295,48.0,45.0,0.03
128200,68481,Public Policy Polling,2020-09-03,2020-09-04,2020,MN,877,52.0,44.0,0.08
128204,68483,Hodas & Associates,2020-08-11,2020-08-15,2020,MI,600,52.27,40.93,0.11340000000000003
128205,68484,Hodas & Associates,2020-08-26,2020-08-31,2020,PA,600,51.12,44.95,0.06169999999999995
128206,68485,Hodas & Associates,2020-08-17,2020-08-20,2020,WI,600,51.91,43.7,0.08209999999999994
128216,68488,Morning Consult,2020-08-25,2020-09-03,2020,WI,797,52.0,42.0,0.1
128220,68490,Morning Consult,2020-08-26,2020-09-04,2020,WI,775,51.0,44.0,0.07
128221,68491,Research & Polling Inc.,2020-08-26,2020-09-02,2020,NM,1123,54.0,39.0,0.15
128223,68492,University of Texas at Tyler,2020-08-28,2020-09-02,2020,TX,901,46.0,48.0,-0.02
128231,68495,YouGov,2020-09-02,2020-09-04,2020,WI,978,50.0,44.0,0.06
128232,68496,Morning Consult,2020-08-27,2020-09-05,2020,WI,763,50.0,44.0,0.06
128241,68499,Rasmussen Reports/Pulse Opinion Research,2020-09-01,2020-09-02,2020,WI,1000,53.09,44.72,0.08370000000000005
128245,68501,Spry Strategies,2020-08-29,2020-09-01,2020,CA,600,56.21,39.02,0.17189999999999997
128246,68502,Spry Strategies,2020-08-29,2020-09-01,2020,ID,600,34.48,59.66,-0.2518
128248,68503,Morning Consult,2020-08-28,2020-09-06,2020,WI,770,51.0,43.0,0.08
128253,68506,We Ask America,2020-09-01,2020-09-03,2020,MO,500,44.0,49.0,-0.05
128258,68508,Susquehanna Polling & Research Inc.,2020-08-26,2020-09-04,2020,PA,498,44.0,42.0,0.02
128260,68510,Rasmussen Reports/Pulse Opinion Research,2020-09-01,2020-09-02,2020,OH,1000,50.87,47.04,0.03829999999999998
128264,68511,Marist College,2020-08-31,2020-09-06,2020,FL,766,48.0,48.0,0.0
128265,68512,Emerson College,2020-09-04,2020-09-07,2020,NJ,500,57.89,39.63,0.18259999999999998
128272,68513,Public Policy Polling,2020-09-01,2020-09-02,2020,TX,743,47.0,48.0,-0.01
128280,68516,GQR Research (GQRR),2020-08-26,2020-09-03,2020,FL,800,51.0,46.0,0.05
128285,68520,Redfield & Wilton Strategies,2020-08-30,2020-09-04,2020,AZ,830,48.0,43.0,0.05
128286,68521,Redfield & Wilton Strategies,2020-08-30,2020-09-03,2020,FL,1093,47.0,44.0,0.03
128287,68522,Redfield & Wilton Strategies,2020-08-30,2020-09-03,2020,MI,967,51.0,40.0,0.11
128288,68523,Redfield & Wilton Strategies,2020-08-30,2020-09-03,2020,NC,951,43.0,44.0,-0.01
128289,68524,Redfield & Wilton Strategies,2020-08-30,2020-09-03,2020,PA,1053,48.0,43.0,0.05
128290,68525,Redfield & Wilton Strategies,2020-08-30,2020-09-04,2020,WI,670,50.0,41.0,0.09
128293,68527,Glengariff Group,2020-09-01,2020-09-03,2020,MI,600,47.0,42.3,0.04700000000000003
128298,68531,Morning Consult,2020-08-29,2020-09-07,2020,WI,791,51.0,43.0,0.08
128302,68532,Marist College,2020-08-31,2020-09-07,2020,PA,771,53.0,44.0,0.09
128308,68533,Change Research,2020-09-04,2020-09-06,2020,AZ,470,49.0,45.0,0.04
128309,68534,Change Research,2020-09-04,2020-09-06,2020,FL,1144,49.0,46.0,0.03
128310,68535,Change Research,2020-09-04,2020-09-06,2020,MI,876,49.0,43.0,0.06
128311,68536,Change Research,2020-09-04,2020-09-06,2020,NC,442,49.0,47.0,0.02
128312,68537,Change Research,2020-09-04,2020-09-06,2020,PA,829,50.0,46.0,0.04
128313,68538,Change Research,2020-09-04,2020-09-06,2020,WI,501,50.0,44.0,0.06
128319,68542,Morning Consult,2020-08-29,2020-09-07,2020,AZ,901,49.0,46.0,0.03
128320,68543,Morning Consult,2020-08-29,2020-09-07,2020,CO,657,49.0,43.0,0.06
128321,68544,Morning Consult,2020-08-29,2020-09-07,2020,FL,3914,50.0,45.0,0.05
128322,68545,Morning Consult,2020-08-29,2020-09-07,2020,GA,1486,46.0,48.0,-0.02
128323,68546,Morning Consult,2020-08-29,2020-09-07,2020,MI,1455,52.0,42.0,0.1
128324,68547,Morning Consult,2020-08-29,2020-09-07,2020,MN,649,49.0,44.0,0.05
128325,68548,Morning Consult,2020-08-29,2020-09-07,2020,NC,1592,48.0,47.0,0.01
128326,68549,Morning Consult,2020-08-29,2020-09-07,2020,OH,1963,45.0,50.0,-0.05
128327,68550,Morning Consult,2020-08-29,2020-09-07,2020,PA,2227,50.0,45.0,0.05
128328,68551,Morning Consult,2020-08-29,2020-09-07,2020,TX,2829,46.0,46.0,0.0
128354,68559,Marquette University Law School,2020-08-30,2020-09-03,2020,WI,688,48.0,44.0,0.04
128362,68562,St. Pete Polls,2020-09-07,2020-09-08,2020,FL,2689,49.6,47.1,0.025
128382,68565,SurveyUSA,2020-09-04,2020-09-07,2020,MN,553,48.8,40.1,0.08699999999999995
128391,68569,SoonerPoll.com,2020-09-02,2020-09-08,2020,OK,486,35.2,59.6,-0.244
128393,68570,Morning Consult,2020-08-30,2020-09-08,2020,WI,799,51.0,42.0,0.09
128400,68574,Benenson Strategy Group/GS Strategy Group,2020-08-30,2020-09-08,2020,FL,1600,48.0,46.0,0.02
128402,68576,Benenson Strategy Group/GS Strategy Group,2020-08-28,2020-09-08,2020,NC,1600,48.0,48.0,0.0
128404,68577,Fabrizio Ward/Hart Research Associates,2020-08-30,2020-09-05,2020,MT,800,43.0,50.0,-0.07
128405,68578,Fabrizio Ward/Hart Research Associates,2020-08-30,2020-09-05,2020,ME,800,54.0,40.0,0.14
128406,68579,Fabrizio Ward/Hart Research Associates,2020-08-30,2020-09-05,2020,CO,800,50.0,40.0,0.1
128407,68580,Benenson Strategy Group/GS Strategy Group,2020-08-28,2020-09-08,2020,WI,1200,50.0,45.0,0.05
128408,68581,Benenson Strategy Group/GS Strategy Group,2020-08-28,2020-09-08,2020,PA,1600,49.0,46.0,0.03
128409,68582,Benenson Strategy Group/GS Strategy Group,2020-08-28,2020-09-08,2020,MI,1600,50.0,43.0,0.07
128410,68583,Fabrizio Ward/Hart Research Associates,2020-08-30,2020-09-05,2020,GA,800,47.0,46.0,0.01
128411,68584,Benenson Strategy Group/GS Strategy Group,2020-08-28,2020-09-08,2020,AZ,1600,48.0,47.0,0.01
128412,68585,Fabrizio Ward/Hart Research Associates,2020-08-30,2020-09-05,2020,IA,800,45.0,47.0,-0.02
128421,68586,Rasmussen Reports/Pulse Opinion Research,2020-09-02,2020-09-03,2020,MI,1000,52.87,44.29,0.08579999999999999
129237,69392,TargetSmart/William & Mary,2020-09-03,2020-09-06,2020,PA,835,51.0,44.0,0.07
129249,69389,Change Research,2020-09-03,2020-09-07,2020,IN,1033,39.0,53.0,-0.14
129251,69403,Emerson College,2020-09-06,2020-09-08,2020,WI,823,51.43,44.78,0.06649999999999999
129252,69404,Morning Consult,2020-08-31,2020-09-09,2020,WI,816,50.0,42.0,0.08
129258,69408,Rasmussen Reports/Pulse Opinion Research,2020-09-07,2020-09-08,2020,NC,1000,47.94,48.72,-0.007800000000000012
129268,69411,DHM Research,2020-09-03,2020-09-08,2020,OR,502,51.0,39.0,0.12
129271,69414,Morning Consult,2020-09-01,2020-09-10,2020,WI,797,50.0,43.0,0.07
129275,69416,Siena College/The New York Times Upshot,2020-09-08,2020-09-10,2020,MN,814,50.0,41.0,0.09
129276,69417,Siena College/The New York Times Upshot,2020-09-08,2020-09-10,2020,NV,462,46.0,42.0,0.04
129277,69418,Siena College/The New York Times Upshot,2020-09-08,2020-09-11,2020,NH,445,45.0,42.0,0.03
129278,69419,Siena College/The New York Times Upshot,2020-09-08,2020-09-10,2020,WI,760,48.0,43.0,0.05
129280,69420,Gravis Marketing,2020-09-10,2020-09-11,2020,AZ,684,50.0,48.0,0.02
129303,69423,YouGov,2020-09-09,2020-09-11,2020,AZ,1106,47.0,44.0,0.03
129304,69424,YouGov,2020-09-09,2020-09-11,2020,MN,1087,50.0,41.0,0.09
129308,69426,Morning Consult,2020-09-02,2020-09-11,2020,WI,797,50.0,43.0,0.07
129309,69427,Morning Consult,2020-09-03,2020-09-12,2020,WI,769,50.0,43.0,0.07
129311,69429,OH Predictive Insights,2020-09-08,2020-09-10,2020,AZ,600,52.0,42.0,0.1
129319,69433,Global Strategy Group,2020-08-28,2020-09-01,2020,CO,800,50.0,39.0,0.11
129335,69442,Trafalgar Group,2020-09-09,2020-09-11,2020,NC,1046,46.1,47.8,-0.016999999999999956
129337,69444,SurveyUSA,2020-09-10,2020-09-13,2020,NC,596,47.0,47.0,0.0
129341,69445,Morning Consult,2020-09-04,2020-09-13,2020,WI,774,50.0,43.0,0.07
129343,69447,Morning Consult,2020-05-07,2020-05-16,2020,MN,600,55.0,38.0,0.17
129344,69448,Morning Consult,2020-05-27,2020-06-05,2020,MN,600,48.0,45.0,0.03
129345,69449,Morning Consult,2020-09-04,2020-09-13,2020,MN,643,48.0,44.0,0.04
129352,69453,Florida Atlantic University,2020-09-11,2020-09-12,2020,FL,631,49.81,49.95,-0.0014000000000000056
129368,69462,SSRS,2020-09-09,2020-09-13,2020,NC,787,49.0,46.0,0.03
129370,69463,SSRS,2020-09-09,2020-09-13,2020,WI,816,52.0,42.0,0.1
129375,69464,Monmouth University,2020-09-10,2020-09-13,2020,FL,428,50.0,45.0,0.05
129384,69467,Virginia Commonwealth University,2020-08-28,2020-09-07,2020,VA,693,53.0,39.0,0.14
129387,69469,Harris Insights & Analytics,2020-08-20,2020-08-30,2020,GA,1616,52.24,46.02,0.06219999999999999
129393,69471,Morning Consult,2020-09-05,2020-09-14,2020,WI,809,51.0,42.0,0.09
129399,69474,ABC News/The Washington Post,2020-09-08,2020-09-13,2020,MN,615,57.0,41.0,0.16
129401,69475,ABC News/The Washington Post,2020-09-08,2020-09-13,2020,WI,605,52.0,46.0,0.06
129440,69487,Quinnipiac University,2020-09-10,2020-09-14,2020,KY,1164,38.0,58.0,-0.2
129441,69488,Quinnipiac University,2020-09-10,2020-09-14,2020,ME,1183,59.0,38.0,0.21
129444,69491,Quinnipiac University,2020-09-10,2020-09-14,2020,SC,969,45.0,51.0,-0.06
